Longitude,Latitude,Week Ending,Federal Provider Number,Provider Name,Provider Address,Provider City,Provider State,Provider Zip Code,Submitted Data,Passed Quality Assurance Check,Residents Weekly Admissions COVID-19,Residents Total Admissions COVID-19,Residents Weekly Confirmed COVID-19,Residents Total Confirmed COVID-19,Residents Weekly Suspected COVID-19,Residents Total Suspected COVID-19,Residents Weekly All Deaths,Residents Total All Deaths,Residents Weekly COVID-19 Deaths,Residents Total COVID-19 Deaths,Number of All Beds,Total Number of Occupied Beds,Resident Access to Testing in Facility,Laboratory Type Is State Health Dept,Laboratory Type Is Private Lab,Laboratory Type Is Other,Staff Weekly Confirmed COVID-19,Staff Total Confirmed COVID-19,Staff Weekly Suspected COVID-19,Staff Total Suspected COVID-19,Staff Weekly COVID-19 Deaths,Staff Total COVID-19 Deaths,Shortage of Nursing Staff,Shortage of Clinical Staff,Shortage of Aides,Shortage of Other Staff,Any Current Supply of N95 Masks,One-Week Supply of N95 Masks,Any Current Supply of Surgical Masks,One-Week Supply of Surgical Masks,Any Current Supply of Eye Protection,One-Week Supply of Eye Protection,Any Current Supply of Gowns,One-Week Supply of Gowns,Any Current Supply of Gloves,One-Week Supply of Gloves,Any Current Supply of Hand Sanitizer,One-Week Supply of Hand Sanitizer,Ventilator Dependent Unit,Number of Ventilators in Facility,Number of Ventilators in Use for COVID-19,Any Current Supply of Ventilator Supplies,One-Week Supply of Ventilator Supplies,"Total Resident Confirmed COVID-19 Cases Per 1,000 Residents","Total Resident COVID-19 Deaths Per 1,000 Residents",Total Residents COVID-19 Deaths as a Percentage of Confirmed COVID-19 Cases,Geolocation State,Geolocation
-81.243448,37.242095,2020-05-24,495200,WESTWOOD CENTER,WESTWOOD MEDICAL PARK,BLUEFIELD,VA,24605,Y,Y,0,0,0,0,0,0,7,7,0,0,65,55,Y,Y,Y,N,0,0,1,1,0,0,N,N,N,N,Y,N,Y,Y,Y,Y,Y,N,Y,Y,Y,Y,N,,,,,0,0,,POINT (-78.666382 37.510861),
-81.243448,37.242095,2020-06-14,495200,WESTWOOD CENTER,WESTWOOD MEDICAL PARK,BLUEFIELD,VA,24605,Y,Y,0,0,0,0,0,0,1,8,0,0,65,47,Y,N,Y,N,0,0,0,1,0,0,N,N,N,N,Y,N,Y,Y,Y,Y,Y,N,Y,Y,Y,Y,N,,,,,0,0,,POINT (-78.666382 37.510861),
-81.243448,37.242095,2020-06-07,495200,WESTWOOD CENTER,WESTWOOD MEDICAL PARK,BLUEFIELD,VA,24605,Y,Y,0,0,0,0,0,0,0,7,0,0,65,48,Y,N,Y,N,0,0,0,1,0,0,N,N,N,N,Y,N,Y,Y,Y,Y,Y,N,Y,Y,Y,Y,N,,,,,0,0,,POINT (-78.666382 37.510861),
-81.243448,37.242095,2020-05-31,495200,WESTWOOD CENTER,WESTWOOD MEDICAL PARK,BLUEFIELD,VA,24605,Y,Y,0,0,0,0,0,0,0,7,0,0,65,50,Y,N,Y,N,0,0,0,1,0,0,N,N,N,N,Y,N,Y,Y,Y,Y,Y,N,Y,Y,Y,Y,N,,,,,0,0,,POINT (-78.666382 37.510861),
-81.243448,37.242095,2020-06-21,495200,WESTWOOD CENTER,WESTWOOD MEDICAL PARK,BLUEFIELD,VA,24605,Y,Y,0,0,0,0,0,0,0,8,0,0,65,52,Y,N,Y,N,0,0,0,1,0,0,N,N,N,N,Y,N,Y,Y,Y,Y,Y,N,Y,Y,Y,Y,N,,,,,0,0,,POINT (-78.666382 37.510861),
-78.481489,38.068895,2020-06-21,495377,THE LAURELS OF CHARLOTTESVILLE,490 HILLSDALE DRIVE,CHARLOTTESVILLE,VA,22901,Y,N,0,0,0,0,0,1,0,0,0,0,,109,Y,Y,Y,N,0,0,0,0,0,0,Y,N,Y,N,Y,Y,Y,Y,Y,Y,Y,Y,Y,Y,Y,Y,N,,,,,0,0,,POINT (-78.666382 37.510861),
-78.481489,38.068895,2020-05-24,495377,THE LAURELS OF CHARLOTTESVILLE,490 HILLSDALE DRIVE,CHARLOTTESVILLE,VA,22901,Y,N,0,0,0,0,1,1,0,0,0,0,120,106,Y,Y,Y,N,0,0,0,0,0,0,Y,N,N,N,Y,Y,Y,Y,Y,Y,Y,Y,Y,Y,Y,Y,N,,,,,0,0,,POINT (-78.666382 37.510861),
-78.481489,38.068895,2020-05-31,495377,THE LAURELS OF CHARLOTTESVILLE,490 HILLSDALE DRIVE,CHARLOTTESVILLE,VA,22901,Y,N,0,0,0,0,0,1,0,0,0,0,120,104,Y,Y,Y,N,0,0,0,0,0,0,Y,N,N,N,Y,Y,Y,Y,Y,Y,Y,Y,Y,Y,Y,Y,N,,,,,0,0,,POINT (-78.666382 37.510861),
-78.481489,38.068895,2020-06-07,495377,THE LAURELS OF CHARLOTTESVILLE,490 HILLSDALE DRIVE,CHARLOTTESVILLE,VA,22901,Y,N,0,0,0,0,0,1,0,0,0,0,120,111,Y,Y,Y,N,0,0,0,0,0,0,Y,N,N,N,Y,Y,Y,Y,Y,Y,Y,Y,Y,Y,Y,Y,N,,,,,0,0,,POINT (-78.666382 37.510861),
-78.481489,38.068895,2020-06-14,495377,THE LAURELS OF CHARLOTTESVILLE,490 HILLSDALE DRIVE,CHARLOTTESVILLE,VA,22901,Y,N,0,0,0,0,0,1,0,0,0,0,,114,Y,Y,Y,N,0,0,0,0,0,0,Y,N,Y,N,Y,Y,Y,Y,Y,Y,Y,Y,Y,Y,Y,Y,N,,,,,0,0,,POINT (-78.666382 37.510861),
-78.470495,36.817874,2020-05-31,495380,CHASE CITY HEALTH AND REHAB CENTER,5539 HIGHWAY FORTY SEVEN,CHASE CITY,VA,23924,Y,Y,3,3,10,67,0,42,2,9,2,9,120,92,Y,N,Y,N,3,26,5,30,0,0,N,N,N,N,Y,Y,Y,Y,Y,Y,Y,Y,Y,Y,Y,Y,N,,,,,728.3,97.8,13.4,POINT (-78.666382 37.510861),
-78.470495,36.817874,2020-06-07,495380,CHASE CITY HEALTH AND REHAB CENTER,5539 HIGHWAY FORTY SEVEN,CHASE CITY,VA,23924,Y,Y,2,5,0,67,1,43,3,12,3,12,120,92,Y,N,Y,N,1,27,4,34,0,0,N,N,N,N,Y,Y,Y,Y,Y,Y,Y,Y,Y,Y,Y,Y,N,,,,,728.3,130.4,17.9,POINT (-78.666382 37.510861),
-78.470495,36.817874,2020-06-14,495380,CHASE CITY HEALTH AND REHAB CENTER,5539 HIGHWAY FORTY SEVEN,CHASE CITY,VA,23924,Y,Y,0,5,0,67,3,46,0,12,0,12,120,90,Y,N,Y,N,0,27,1,35,0,0,N,N,N,N,Y,Y,Y,Y,Y,Y,Y,Y,Y,Y,Y,Y,N,,,,,744.4,133.3,17.9,POINT (-78.666382 37.510861),
-78.470495,36.817874,2020-06-21,495380,CHASE CITY HEALTH AND REHAB CENTER,5539 HIGHWAY FORTY SEVEN,CHASE CITY,VA,23924,Y,Y,1,6,0,67,0,46,2,14,1,13,120,88,Y,N,Y,N,0,27,1,36,1,1,N,N,N,N,Y,Y,Y,Y,Y,Y,Y,Y,Y,Y,Y,Y,N,,,,,761.4,147.7,19.4,POINT (-78.666382 37.510861),
-78.470495,36.817874,2020-05-24,495380,CHASE CITY HEALTH AND REHAB CENTER,5539 HIGHWAY FORTY SEVEN,CHASE CITY,VA,23924,Y,Y,0,0,57,57,42,42,7,7,7,7,120,105,Y,N,Y,N,23,23,25,25,0,0,N,N,N,N,Y,Y,Y,Y,Y,Y,Y,Y,Y,Y,Y,Y,N,,,,,542.9,66.7,12.3,POINT (-78.666382 37.510861),
-76.238672,36.748866,2020-06-21,495215,SENTARA REHABILITATION & CARE RESIDENCE-CHESAPEAKE,776 OAK GROVE RD PO BOX 1277,CHESAPEAKE,VA,23320,Y,Y,0,3,0,0,0,1,0,3,0,0,120,91,Y,Y,Y,N,0,1,0,2,0,0,N,N,N,N,Y,Y,Y,Y,Y,Y,Y,Y,Y,Y,Y,Y,N,,,,,0,0,,POINT (-78.666382 37.510861),
-76.238672,36.748866,2020-06-07,495215,SENTARA REHABILITATION & CARE RESIDENCE-CHESAPEAKE,776 OAK GROVE RD PO BOX 1277,CHESAPEAKE,VA,23320,Y,Y,0,3,0,0,0,1,0,3,0,0,120,89,Y,Y,Y,N,0,0,0,1,0,0,N,N,N,N,Y,Y,Y,Y,Y,Y,Y,Y,Y,Y,Y,Y,N,,,,,0,0,,POINT (-78.666382 37.510861),
-76.238672,36.748866,2020-05-31,495215,SENTARA REHABILITATION & CARE RESIDENCE-CHESAPEAKE,776 OAK GROVE RD PO BOX 1277,CHESAPEAKE,VA,23320,Y,Y,0,3,0,0,1,1,1,3,0,0,120,92,Y,Y,Y,N,0,0,0,1,0,0,N,N,N,N,Y,Y,Y,Y,Y,Y,Y,Y,Y,Y,Y,Y,N,,,,,0,0,,POINT (-78.666382 37.510861),
-76.238672,36.748866,2020-06-14,495215,SENTARA REHABILITATION & CARE RESIDENCE-CHESAPEAKE,776 OAK GROVE RD PO BOX 1277,CHESAPEAKE,VA,23320,Y,Y,0,3,0,0,0,1,0,3,0,0,120,85,Y,Y,Y,N,1,1,1,2,0,0,N,N,N,N,Y,Y,Y,Y,Y,Y,Y,Y,Y,Y,Y,Y,N,,,,,0,0,,POINT (-78.666382 37.510861),
-76.238672,36.748866,2020-05-24,495215,SENTARA REHABILITATION & CARE RESIDENCE-CHESAPEAKE,776 OAK GROVE RD PO BOX 1277,CHESAPEAKE,VA,23320,Y,Y,3,3,0,0,0,0,2,2,0,0,120,91,Y,Y,Y,N,0,0,1,1,0,0,N,N,N,N,Y,Y,Y,Y,Y,Y,Y,Y,Y,Y,Y,Y,N,,,,,0,0,,POINT (-78.666382 37.510861),
-80.683033,37.115752,2020-06-21,495333,HIGHLAND RIDGE REHAB CENTER,5872 HANKS STREET  PO BOX 1087,DUBLIN,VA,24084,Y,Y,0,0,0,0,0,0,0,0,0,0,132,107,Y,N,Y,N,0,0,0,0,0,0,N,N,N,N,Y,Y,Y,Y,Y,Y,Y,Y,Y,Y,Y,Y,N,,,,,0,0,,POINT (-78.666382 37.510861),
-80.683033,37.115752,2020-06-14,495333,HIGHLAND RIDGE REHAB CENTER,5872 HANKS STREET  PO BOX 1087,DUBLIN,VA,24084,Y,Y,0,0,0,0,0,0,0,0,0,0,132,107,Y,N,Y,N,0,0,0,0,0,0,N,N,N,N,Y,Y,Y,Y,Y,Y,Y,Y,Y,Y,Y,Y,N,,,,,0,0,,POINT (-78.666382 37.510861),
-80.683033,37.115752,2020-06-07,495333,HIGHLAND RIDGE REHAB CENTER,5872 HANKS STREET  PO BOX 1087,DUBLIN,VA,24084,Y,Y,0,0,0,0,0,0,0,0,0,0,132,108,Y,N,Y,N,0,0,0,0,0,0,N,N,N,N,Y,Y,Y,Y,Y,Y,Y,Y,Y,Y,Y,Y,N,,,,,0,0,,POINT (-78.666382 37.510861),
-80.683033,37.115752,2020-05-31,495333,HIGHLAND RIDGE REHAB CENTER,5872 HANKS STREET  PO BOX 1087,DUBLIN,VA,24084,Y,Y,0,0,0,0,0,0,0,0,0,0,132,106,Y,N,Y,N,0,0,0,0,0,0,N,N,N,N,Y,Y,Y,Y,Y,Y,Y,Y,Y,Y,Y,Y,N,,,,,0,0,,POINT (-78.666382 37.510861),
-80.683033,37.115752,2020-05-24,495333,HIGHLAND RIDGE REHAB CENTER,5872 HANKS STREET  PO BOX 1087,DUBLIN,VA,24084,Y,Y,0,0,0,0,0,0,0,0,0,0,132,107,Y,N,Y,N,0,0,0,0,0,0,N,N,N,N,Y,Y,Y,Y,Y,Y,Y,Y,Y,Y,Y,Y,N,,,,,0,0,,POINT (-78.666382 37.510861),
-78.197345,38.930932,2020-05-24,495316,Lynn Care Center - Warren Memorial Hospital,1000 SHENANDOAH AVENUE,FRONT ROYAL,VA,22630,Y,Y,0,0,0,0,1,1,0,0,0,0,120,109,Y,Y,Y,N,1,1,1,1,0,0,N,N,N,N,Y,Y,Y,Y,Y,Y,Y,Y,Y,Y,Y,Y,N,,,,,0,0,,POINT (-78.666382 37.510861),
-78.197345,38.930932,2020-06-21,495316,Lynn Care Center - Warren Memorial Hospital,1000 SHENANDOAH AVENUE,FRONT ROYAL,VA,22630,Y,Y,0,0,0,0,0,1,0,0,0,0,120,112,Y,Y,Y,N,0,1,0,1,0,0,N,N,N,N,Y,Y,Y,Y,Y,Y,Y,Y,Y,Y,Y,Y,N,,,,,0,0,,POINT (-78.666382 37.510861),
-78.197345,38.930932,2020-05-31,495316,Lynn Care Center - Warren Memorial Hospital,1000 SHENANDOAH AVENUE,FRONT ROYAL,VA,22630,Y,Y,0,0,0,0,0,1,0,0,0,0,120,109,Y,Y,Y,N,0,1,0,1,0,0,N,N,N,N,Y,Y,Y,Y,Y,Y,Y,Y,Y,Y,Y,Y,N,,,,,0,0,,POINT (-78.666382 37.510861),
-78.197345,38.930932,2020-06-14,495316,Lynn Care Center - Warren Memorial Hospital,1000 SHENANDOAH AVENUE,FRONT ROYAL,VA,22630,Y,Y,0,0,0,0,0,1,0,0,0,0,120,111,Y,Y,Y,N,0,1,0,1,0,0,N,N,N,N,Y,Y,Y,Y,Y,Y,Y,Y,Y,Y,Y,Y,N,,,,,0,0,,POINT (-78.666382 37.510861),
-78.197345,38.930932,2020-06-07,495316,Lynn Care Center - Warren Memorial Hospital,1000 SHENANDOAH AVENUE,FRONT ROYAL,VA,22630,Y,Y,0,0,0,0,0,1,0,0,0,0,120,108,Y,Y,Y,N,0,1,0,1,0,0,N,N,N,N,Y,Y,Y,Y,Y,Y,Y,Y,Y,Y,Y,Y,N,,,,,0,0,,POINT (-78.666382 37.510861),
-80.911069,36.680151,2020-05-31,495250,GALAX HEALTH AND REHAB,836 GLENDALE RD    PO BOX 229,GALAX,VA,24333,Y,N,2,2,11,11,0,4,5,5,1,1,120,75,Y,N,Y,N,4,12,4,5,0,0,Y,N,Y,N,Y,Y,Y,Y,Y,Y,Y,Y,Y,Y,Y,Y,N,,,,,146.7,13.3,9.1,POINT (-78.666382 37.510861),
-80.911069,36.680151,2020-06-07,495250,GALAX HEALTH AND REHAB,836 GLENDALE RD    PO BOX 229,GALAX,VA,24333,Y,N,8,10,0,11,0,4,12,17,11,12,120,69,Y,N,Y,N,33,45,0,5,0,0,Y,N,Y,Y,Y,Y,Y,Y,Y,Y,Y,Y,Y,Y,Y,Y,N,,,,,159.4,173.9,109.1,POINT (-78.666382 37.510861),
-80.911069,36.680151,2020-06-14,495250,GALAX HEALTH AND REHAB,836 GLENDALE RD    PO BOX 229,GALAX,VA,24333,Y,Y,3,13,0,11,0,4,5,22,4,16,120,62,Y,N,Y,N,0,45,0,5,0,0,Y,N,Y,N,Y,Y,Y,Y,Y,Y,Y,Y,Y,Y,Y,Y,N,,,,,177.4,258.1,145.5,POINT (-78.666382 37.510861),
-80.911069,36.680151,2020-05-24,495250,GALAX HEALTH AND REHAB,836 GLENDALE RD    PO BOX 229,GALAX,VA,24333,Y,Y,0,0,0,0,4,4,0,0,0,0,120,91,Y,N,Y,N,8,8,1,1,0,0,N,N,N,N,Y,Y,Y,Y,Y,Y,Y,Y,Y,Y,Y,Y,N,,,,,0,0,,POINT (-78.666382 37.510861),
-80.911069,36.680151,2020-06-21,495250,GALAX HEALTH AND REHAB,836 GLENDALE RD    PO BOX 229,GALAX,VA,24333,Y,Y,0,13,0,11,0,4,0,22,0,16,120,64,Y,Y,Y,N,0,45,0,5,0,0,Y,N,Y,N,Y,Y,Y,Y,Y,Y,Y,Y,Y,Y,Y,Y,N,,,,,171.9,250,145.5,POINT (-78.666382 37.510861),
-76.543825,37.422001,2020-06-14,495276,Walter Reed Convalescent & Rehabilitation Center,POST OFFICE BOX 887,GLOUCESTER,VA,23061,Y,Y,0,0,0,0,1,26,0,2,0,0,181,129,Y,Y,N,N,0,1,0,26,0,0,N,N,N,N,Y,N,Y,Y,Y,Y,Y,Y,Y,Y,Y,Y,N,,,,,0,0,,POINT (-78.666382 37.510861),
-76.543825,37.422001,2020-06-21,495276,Walter Reed Convalescent & Rehabilitation Center,POST OFFICE BOX 887,GLOUCESTER,VA,23061,Y,Y,0,0,0,0,1,27,0,2,0,0,181,132,Y,Y,N,N,0,1,0,26,0,0,N,N,N,N,Y,N,Y,Y,Y,Y,Y,Y,Y,Y,Y,Y,N,,,,,0,0,,POINT (-78.666382 37.510861),
-76.543825,37.422001,2020-05-31,495276,Walter Reed Convalescent & Rehabilitation Center,POST OFFICE BOX 887,GLOUCESTER,VA,23061,Y,Y,0,0,0,0,1,25,0,1,0,0,181,126,Y,Y,N,N,0,1,0,26,0,0,N,N,N,N,Y,Y,Y,Y,Y,Y,Y,Y,Y,Y,Y,Y,N,,,,,0,0,,POINT (-78.666382 37.510861),
-76.543825,37.422001,2020-05-24,495276,Walter Reed Convalescent & Rehabilitation Center,POST OFFICE BOX 887,GLOUCESTER,VA,23061,Y,Y,0,0,0,0,24,24,1,1,0,0,181,135,Y,Y,N,N,1,1,26,26,0,0,N,N,N,N,Y,N,Y,N,Y,N,Y,N,Y,Y,Y,Y,N,,,,,0,0,,POINT (-78.666382 37.510861),
-76.543825,37.422001,2020-06-07,495276,Walter Reed Convalescent & Rehabilitation Center,POST OFFICE BOX 887,GLOUCESTER,VA,23061,Y,Y,0,0,0,0,0,25,1,2,0,0,181,127,Y,Y,N,N,0,1,0,26,0,0,N,N,N,N,Y,N,Y,Y,Y,Y,Y,N,Y,Y,Y,Y,N,,,,,0,0,,POINT (-78.666382 37.510861),
-78.474833,37.036179,2020-06-07,495226,WAYLAND NURSING AND REHABILITATION CENTER,730 LUNENBURG HIGHW,KEYSVILLE,VA,23947,Y,Y,0,0,0,0,0,0,0,0,0,0,90,50,Y,N,Y,N,0,1,0,3,0,0,N,N,N,N,Y,Y,Y,Y,Y,Y,Y,Y,Y,Y,Y,Y,N,,,,,0,0,,POINT (-78.666382 37.510861),
-78.474833,37.036179,2020-05-31,495226,WAYLAND NURSING AND REHABILITATION CENTER,730 LUNENBURG HIGHW,KEYSVILLE,VA,23947,Y,Y,0,0,0,0,0,0,0,0,0,0,90,50,Y,N,Y,N,0,1,0,3,0,0,N,N,N,N,Y,Y,Y,Y,Y,Y,Y,Y,Y,Y,Y,Y,N,,,,,0,0,,POINT (-78.666382 37.510861),
-78.474833,37.036179,2020-05-24,495226,WAYLAND NURSING AND REHABILITATION CENTER,730 LUNENBURG HIGHW,KEYSVILLE,VA,23947,Y,Y,0,0,0,0,0,0,0,0,0,0,90,50,Y,N,Y,N,1,1,3,3,0,0,N,N,N,N,Y,Y,Y,Y,Y,Y,Y,Y,Y,Y,Y,Y,N,,,,,0,0,,POINT (-78.666382 37.510861),
-78.474833,37.036179,2020-06-21,495226,WAYLAND NURSING AND REHABILITATION CENTER,730 LUNENBURG HIGHW,KEYSVILLE,VA,23947,Y,Y,0,0,0,0,0,0,0,0,0,0,90,50,Y,N,Y,N,0,1,0,3,0,0,N,N,N,N,Y,Y,Y,Y,Y,Y,Y,Y,Y,Y,Y,Y,N,,,,,0,0,,POINT (-78.666382 37.510861),
-78.474833,37.036179,2020-06-14,495226,WAYLAND NURSING AND REHABILITATION CENTER,730 LUNENBURG HIGHW,KEYSVILLE,VA,23947,Y,Y,0,0,0,0,0,0,0,0,0,0,90,50,Y,N,Y,N,0,1,0,3,0,0,N,N,N,N,Y,Y,Y,Y,Y,Y,Y,Y,Y,Y,Y,Y,N,,,,,0,0,,POINT (-78.666382 37.510861),
-82.074692,36.900607,2020-06-14,495365,MAPLE GROVE HEALTH CARE CENTER,POST OFFICE BOX 2409,LEBANON,VA,24266,Y,Y,0,0,0,0,0,0,1,5,0,0,60,48,Y,N,N,Y,0,0,0,0,0,0,N,N,N,N,Y,Y,Y,Y,Y,Y,Y,Y,Y,Y,Y,Y,N,,,,,0,0,,POINT (-78.666382 37.510861),
-82.074692,36.900607,2020-06-21,495365,MAPLE GROVE HEALTH CARE CENTER,POST OFFICE BOX 2409,LEBANON,VA,24266,Y,Y,0,0,0,0,0,0,0,5,0,0,60,49,Y,N,N,Y,0,0,0,0,0,0,N,N,N,N,Y,Y,Y,Y,Y,Y,Y,Y,Y,Y,Y,Y,N,,,,,0,0,,POINT (-78.666382 37.510861),
-82.074692,36.900607,2020-06-07,495365,MAPLE GROVE HEALTH CARE CENTER,POST OFFICE BOX 2409,LEBANON,VA,24266,Y,Y,0,0,0,0,0,0,0,4,0,0,60,48,Y,N,N,Y,0,0,0,0,0,0,N,N,N,N,Y,Y,Y,Y,Y,Y,Y,Y,Y,Y,Y,Y,N,,,,,0,0,,POINT (-78.666382 37.510861),
-82.074692,36.900607,2020-05-31,495365,MAPLE GROVE HEALTH CARE CENTER,POST OFFICE BOX 2409,LEBANON,VA,24266,Y,Y,0,0,0,0,0,0,0,4,0,0,60,46,Y,N,N,Y,0,0,0,0,0,0,N,N,N,N,Y,Y,Y,Y,Y,Y,Y,Y,Y,Y,Y,Y,N,,,,,0,0,,POINT (-78.666382 37.510861),
-82.074692,36.900607,2020-05-24,495365,MAPLE GROVE HEALTH CARE CENTER,POST OFFICE BOX 2409,LEBANON,VA,24266,Y,Y,0,0,0,0,0,0,4,4,0,0,60,47,Y,N,N,Y,0,0,0,0,0,0,N,N,N,N,Y,Y,Y,Y,Y,Y,Y,Y,Y,Y,Y,Y,N,,,,,0,0,,POINT (-78.666382 37.510861),
-79.88332,37.790558,2020-06-14,495221,THE BRIAN CENTER,100 ALLEGHANY REGIONAL HOSPITAL LANE,LOW MOOR,VA,24457,Y,Y,0,0,0,0,0,0,0,0,0,0,89,79,Y,N,N,Y,0,0,0,0,0,0,N,N,N,N,Y,Y,Y,Y,Y,Y,Y,Y,Y,Y,Y,Y,N,,,,,0,0,,POINT (-78.666382 37.510861),
-79.88332,37.790558,2020-05-31,495221,THE BRIAN CENTER,100 ALLEGHANY REGIONAL HOSPITAL LANE,LOW MOOR,VA,24457,Y,Y,0,0,0,0,0,0,0,0,0,0,89,77,Y,N,N,Y,0,0,0,0,0,0,N,N,N,N,Y,Y,Y,Y,Y,Y,Y,Y,Y,Y,Y,Y,N,,,,,0,0,,POINT (-78.666382 37.510861),
-79.88332,37.790558,2020-06-07,495221,THE BRIAN CENTER,100 ALLEGHANY REGIONAL HOSPITAL LANE,LOW MOOR,VA,24457,Y,Y,0,0,0,0,0,0,0,0,0,0,89,77,Y,N,N,Y,0,0,0,0,0,0,N,N,N,N,Y,Y,Y,Y,Y,Y,Y,Y,Y,Y,Y,Y,N,,,,,0,0,,POINT (-78.666382 37.510861),
-79.88332,37.790558,2020-05-24,495221,THE BRIAN CENTER,100 ALLEGHANY REGIONAL HOSPITAL LANE,LOW MOOR,VA,24457,Y,Y,0,0,0,0,0,0,0,0,0,0,89,70,Y,N,N,Y,0,0,0,0,0,0,N,N,N,N,Y,Y,Y,Y,Y,Y,Y,Y,Y,Y,Y,Y,N,,,,,0,0,,POINT (-78.666382 37.510861),
-79.88332,37.790558,2020-06-21,495221,THE BRIAN CENTER,100 ALLEGHANY REGIONAL HOSPITAL LANE,LOW MOOR,VA,24457,Y,Y,0,0,0,0,0,0,0,0,0,0,89,79,Y,N,N,Y,0,0,0,0,0,0,N,N,N,N,Y,Y,Y,Y,Y,Y,Y,Y,Y,Y,Y,Y,N,,,,,0,0,,POINT (-78.666382 37.510861),
-78.257613,38.377503,2020-05-31,495244,AUTUMN CARE OF MADISON,NUMBER ONE AUTUMN COURT,MADISON,VA,22727,Y,Y,0,0,0,0,0,0,0,1,0,0,92,77,Y,Y,Y,N,0,0,0,0,0,0,N,N,N,N,Y,Y,Y,Y,Y,Y,Y,Y,Y,Y,Y,Y,N,,,,,0,0,,POINT (-78.666382 37.510861),
-78.257613,38.377503,2020-06-07,495244,AUTUMN CARE OF MADISON,NUMBER ONE AUTUMN COURT,MADISON,VA,22727,Y,Y,0,0,0,0,0,0,0,1,0,0,92,78,Y,Y,Y,N,0,0,0,0,0,0,N,N,N,N,Y,Y,Y,Y,Y,Y,Y,Y,Y,Y,Y,Y,N,,,,,0,0,,POINT (-78.666382 37.510861),
-78.257613,38.377503,2020-05-24,495244,AUTUMN CARE OF MADISON,NUMBER ONE AUTUMN COURT,MADISON,VA,22727,Y,Y,0,0,0,0,0,0,1,1,0,0,92,76,Y,Y,Y,N,0,0,0,0,0,0,N,N,N,N,Y,Y,Y,Y,Y,Y,Y,Y,Y,Y,Y,Y,N,,,,,0,0,,POINT (-78.666382 37.510861),
-78.257613,38.377503,2020-06-21,495244,AUTUMN CARE OF MADISON,NUMBER ONE AUTUMN COURT,MADISON,VA,22727,Y,Y,0,0,0,0,0,1,0,1,0,0,92,80,Y,Y,Y,N,0,0,0,0,0,0,N,N,N,N,Y,Y,Y,Y,Y,Y,Y,Y,Y,Y,Y,Y,N,,,,,0,0,,POINT (-78.666382 37.510861),
-78.257613,38.377503,2020-06-14,495244,AUTUMN CARE OF MADISON,NUMBER ONE AUTUMN COURT,MADISON,VA,22727,Y,Y,0,0,0,0,1,1,0,1,0,0,92,78,Y,Y,Y,N,0,0,0,0,0,0,N,N,N,N,Y,Y,Y,Y,Y,Y,Y,Y,Y,Y,Y,Y,N,,,,,0,0,,POINT (-78.666382 37.510861),
-76.32255,37.428675,2020-06-21,4.9E+216,RIVERSIDE CONVAL CENTER-MATHEW,PO BOX 370,MATHEWS,VA,23109,Y,Y,0,0,0,0,0,3,0,4,0,0,60,55,Y,Y,Y,N,0,0,0,0,0,0,N,N,N,N,Y,Y,Y,Y,Y,Y,Y,Y,Y,Y,Y,Y,N,,,,,0,0,,POINT (-78.666382 37.510861),
-76.32255,37.428675,2020-06-14,4.9E+216,RIVERSIDE CONVAL CENTER-MATHEW,PO BOX 370,MATHEWS,VA,23109,Y,Y,0,0,0,0,0,3,2,4,0,0,60,55,Y,Y,Y,N,0,0,0,0,0,0,N,N,N,N,Y,Y,Y,Y,Y,Y,Y,Y,Y,Y,Y,Y,N,,,,,0,0,,POINT (-78.666382 37.510861),
-76.32255,37.428675,2020-06-07,4.9E+216,RIVERSIDE CONVAL CENTER-MATHEW,PO BOX 370,MATHEWS,VA,23109,Y,Y,0,0,0,0,1,3,0,2,0,0,60,56,Y,Y,Y,N,0,0,0,0,0,0,N,N,N,N,Y,Y,Y,Y,Y,Y,Y,Y,Y,Y,Y,Y,N,,,,,0,0,,POINT (-78.666382 37.510861),
-76.32255,37.428675,2020-05-31,4.9E+216,RIVERSIDE CONVAL CENTER-MATHEW,PO BOX 370,MATHEWS,VA,23109,Y,Y,0,0,0,0,0,2,0,2,0,0,60,55,Y,Y,Y,N,0,0,0,0,0,0,N,N,N,N,Y,Y,Y,Y,Y,Y,Y,Y,Y,Y,Y,Y,N,,,,,0,0,,POINT (-78.666382 37.510861),
-76.32255,37.428675,2020-05-24,4.9E+216,RIVERSIDE CONVAL CENTER-MATHEW,PO BOX 370,MATHEWS,VA,23109,Y,Y,0,0,0,0,2,2,2,2,0,0,60,54,Y,Y,Y,N,0,0,0,0,0,0,N,N,N,N,Y,Y,Y,Y,Y,Y,Y,Y,Y,Y,Y,Y,N,,,,,0,0,,POINT (-78.666382 37.510861),
-75.863908,37.473698,2020-06-14,495277,HERITAGE HALL NASSAWADOX,9468 HOSPITAL ROAD,NASSAWADOX,VA,23413,Y,N,,,,,,,,,,,,,,,,,,,,,,,,,,,,,,,,,,,,,,,,,,,,,,,POINT (-78.666382 37.510861),
-75.863908,37.473698,2020-05-24,495277,HERITAGE HALL NASSAWADOX,9468 HOSPITAL ROAD,NASSAWADOX,VA,23413,Y,N,,,,,,,,,,,,,,,,,,,,,,,,,,,,,,,,,,,,,,,,,,,,,,,POINT (-78.666382 37.510861),
-75.863908,37.473698,2020-05-31,495277,HERITAGE HALL NASSAWADOX,9468 HOSPITAL ROAD,NASSAWADOX,VA,23413,Y,N,,,,,,,,,,,,,,,,,,,,,,,,,,,,,,,,,,,,,,,,,,,,,,,POINT (-78.666382 37.510861),
-75.863908,37.473698,2020-06-21,495277,HERITAGE HALL NASSAWADOX,9468 HOSPITAL ROAD,NASSAWADOX,VA,23413,Y,N,,,,,,,,,,,,,,,,,,,,,,,,,,,,,,,,,,,,,,,,,,,,,,,POINT (-78.666382 37.510861),
-75.863908,37.473698,2020-06-07,495277,HERITAGE HALL NASSAWADOX,9468 HOSPITAL ROAD,NASSAWADOX,VA,23413,Y,N,,,,,,,,,,,,,,,,,,,,,,,,,,,,,,,,,,,,,,,,,,,,,,,POINT (-78.666382 37.510861),
-76.304788,36.856702,2020-06-21,495395,HARBOR'S EDGE,ONE COLLEY AVENUE,NORFOLK,VA,23510,Y,Y,0,0,0,0,0,0,0,9,0,0,33,21,Y,N,Y,N,0,0,0,0,0,0,N,N,N,N,Y,N,Y,Y,Y,Y,Y,N,Y,Y,Y,Y,N,,,,,0,0,,POINT (-78.666382 37.510861),
-76.304788,36.856702,2020-05-31,495395,HARBOR'S EDGE,ONE COLLEY AVENUE,NORFOLK,VA,23510,Y,Y,0,0,0,0,0,0,0,9,0,0,33,16,Y,N,Y,N,0,0,0,0,0,0,N,N,N,N,Y,Y,Y,Y,Y,Y,Y,N,Y,Y,Y,Y,N,,,,,0,0,,POINT (-78.666382 37.510861),
-76.304788,36.856702,2020-05-24,495395,HARBOR'S EDGE,ONE COLLEY AVENUE,NORFOLK,VA,23510,Y,Y,0,0,0,0,0,0,9,9,0,0,33,18,Y,N,Y,N,0,0,0,0,0,0,N,N,N,N,Y,N,Y,Y,Y,Y,Y,N,Y,Y,Y,Y,N,,,,,0,0,,POINT (-78.666382 37.510861),
-76.304788,36.856702,2020-06-07,495395,HARBOR'S EDGE,ONE COLLEY AVENUE,NORFOLK,VA,23510,Y,Y,0,0,0,0,0,0,0,9,0,0,33,20,Y,N,Y,N,0,0,0,0,0,0,N,N,N,N,Y,N,Y,Y,Y,Y,Y,N,Y,Y,Y,Y,N,,,,,0,0,,POINT (-78.666382 37.510861),
-76.304788,36.856702,2020-06-14,495395,HARBOR'S EDGE,ONE COLLEY AVENUE,NORFOLK,VA,23510,Y,Y,0,0,0,0,0,0,0,9,0,0,33,18,Y,N,Y,N,0,0,0,0,0,0,N,N,N,N,Y,N,Y,Y,Y,Y,Y,N,Y,Y,Y,Y,N,,,,,0,0,,POINT (-78.666382 37.510861),
-77.381824,37.207766,2020-06-07,495144,PETERSBURG HEALTHCARE CENTER,287  EAST SOUTH BOULEVARD,PETERSBURG,VA,23805,Y,N,,,,,,,,,,,,,,,,,,,,,,,,,,,,,,,,,,,,,,,,,,,,,,,POINT (-78.666382 37.510861),
-77.381824,37.207766,2020-05-24,495144,PETERSBURG HEALTHCARE CENTER,287  EAST SOUTH BOULEVARD,PETERSBURG,VA,23805,Y,N,,,,,,,,,,,,,,,,,,,,,,,,,,,,,,,,,,,,,,,,,,,,,,,POINT (-78.666382 37.510861),
-77.381824,37.207766,2020-06-21,495144,PETERSBURG HEALTHCARE CENTER,287  EAST SOUTH BOULEVARD,PETERSBURG,VA,23805,Y,N,,,,,,,,,,,,,,,,,,,,,,,,,,,,,,,,,,,,,,,,,,,,,,,POINT (-78.666382 37.510861),
-77.381824,37.207766,2020-05-31,495144,PETERSBURG HEALTHCARE CENTER,287  EAST SOUTH BOULEVARD,PETERSBURG,VA,23805,Y,N,,,,,,,,,,,,,,,,,,,,,,,,,,,,,,,,,,,,,,,,,,,,,,,POINT (-78.666382 37.510861),
-77.381824,37.207766,2020-06-14,495144,PETERSBURG HEALTHCARE CENTER,287  EAST SOUTH BOULEVARD,PETERSBURG,VA,23805,Y,N,,,,,,,,,,,,,,,,,,,,,,,,,,,,,,,,,,,,,,,,,,,,,,,POINT (-78.666382 37.510861),
-76.597142,37.602654,2020-05-24,4.9E+186,RIVERSIDE CONVAL CENTER-SALUDA,PO BOX 303 US 17,SALUDA,VA,23149,Y,Y,0,0,0,0,4,4,7,7,0,0,60,55,Y,Y,Y,N,0,0,2,2,0,0,N,N,N,N,Y,Y,Y,Y,Y,Y,Y,Y,Y,Y,Y,Y,N,,,,,0,0,,POINT (-78.666382 37.510861),
-76.597142,37.602654,2020-06-21,4.9E+186,RIVERSIDE CONVAL CENTER-SALUDA,PO BOX 303 US 17,SALUDA,VA,23149,Y,Y,0,1,0,0,0,5,0,9,0,0,60,53,Y,Y,Y,N,0,0,0,2,0,0,N,N,N,N,Y,Y,Y,Y,Y,Y,Y,Y,Y,Y,Y,Y,N,,,,,0,0,,POINT (-78.666382 37.510861),
-76.597142,37.602654,2020-05-31,4.9E+186,RIVERSIDE CONVAL CENTER-SALUDA,PO BOX 303 US 17,SALUDA,VA,23149,Y,Y,0,0,0,0,0,4,0,7,0,0,60,55,Y,Y,Y,N,0,0,0,2,0,0,N,N,N,N,Y,Y,Y,Y,Y,Y,Y,Y,Y,Y,Y,Y,N,,,,,0,0,,POINT (-78.666382 37.510861),
-76.597142,37.602654,2020-06-14,4.9E+186,RIVERSIDE CONVAL CENTER-SALUDA,PO BOX 303 US 17,SALUDA,VA,23149,Y,Y,0,1,0,0,0,5,0,9,0,0,60,52,Y,Y,Y,N,0,0,0,2,0,0,N,N,N,N,Y,Y,Y,Y,Y,Y,Y,Y,Y,Y,Y,Y,N,,,,,0,0,,POINT (-78.666382 37.510861),
-76.597142,37.602654,2020-06-07,4.9E+186,RIVERSIDE CONVAL CENTER-SALUDA,PO BOX 303 US 17,SALUDA,VA,23149,Y,Y,1,1,0,0,1,5,2,9,0,0,60,51,Y,Y,Y,N,0,0,0,2,0,0,N,N,N,N,Y,Y,Y,Y,Y,Y,Y,Y,Y,Y,Y,Y,N,,,,,0,0,,POINT (-78.666382 37.510861),
-77.389947,39.023307,2020-06-14,495179,POTOMAC FALLS HEALTH & REHAB CENTER,46531 HARRY BYRD HIGHWAY,STERLING,VA,20164,Y,Y,1,6,0,14,2,4,0,13,0,9,148,79,Y,Y,Y,N,1,5,2,6,0,0,N,N,N,N,Y,Y,Y,Y,Y,Y,Y,Y,Y,Y,Y,Y,N,,,,,177.2,113.9,64.3,POINT (-78.666382 37.510861),
-77.389947,39.023307,2020-06-07,495179,POTOMAC FALLS HEALTH & REHAB CENTER,46531 HARRY BYRD HIGHWAY,STERLING,VA,20164,Y,Y,1,5,1,14,0,2,0,13,0,9,148,79,Y,Y,Y,N,0,4,1,4,0,0,N,N,N,N,Y,Y,Y,Y,Y,Y,Y,Y,Y,Y,Y,Y,N,,,,,177.2,113.9,64.3,POINT (-78.666382 37.510861),
-77.389947,39.023307,2020-05-31,495179,POTOMAC FALLS HEALTH & REHAB CENTER,46531 HARRY BYRD HIGHWAY,STERLING,VA,20164,Y,Y,0,4,2,13,2,2,4,13,2,9,148,77,Y,Y,Y,N,0,4,1,3,0,0,N,N,N,N,Y,Y,Y,Y,Y,Y,Y,Y,Y,Y,Y,Y,N,,,,,168.8,116.9,69.2,POINT (-78.666382 37.510861),
-77.389947,39.023307,2020-05-24,495179,POTOMAC FALLS HEALTH & REHAB CENTER,46531 HARRY BYRD HIGHWAY,STERLING,VA,20164,Y,Y,4,4,11,11,0,0,9,9,7,7,148,89,Y,Y,Y,N,4,4,2,2,0,0,N,N,N,N,Y,Y,Y,Y,Y,Y,Y,Y,Y,Y,Y,Y,N,,,,,123.6,78.7,63.6,POINT (-78.666382 37.510861),
-77.389947,39.023307,2020-06-21,495179,POTOMAC FALLS HEALTH & REHAB CENTER,46531 HARRY BYRD HIGHWAY,STERLING,VA,20164,Y,Y,0,6,1,15,0,4,0,13,0,9,148,93,Y,Y,Y,N,1,6,1,7,0,0,N,N,N,N,Y,Y,Y,Y,Y,Y,Y,Y,Y,Y,Y,Y,N,,,,,161.3,96.8,60,POINT (-78.666382 37.510861),
-81.490929,37.123612,2020-06-14,495152,HERITAGE HALL TAZEWELL,282 BEN BOLT AVENUE,TAZEWELL,VA,24651,Y,Y,0,0,0,0,0,0,0,0,0,0,180,138,N,N,N,N,0,0,0,0,0,0,N,N,N,N,Y,Y,Y,Y,Y,Y,Y,Y,Y,Y,Y,Y,N,,,,,0,0,,POINT (-78.666382 37.510861),
-81.490929,37.123612,2020-06-07,495152,HERITAGE HALL TAZEWELL,282 BEN BOLT AVENUE,TAZEWELL,VA,24651,Y,Y,0,0,0,0,0,0,0,0,0,0,180,137,N,N,N,N,0,0,0,0,0,0,N,N,N,N,Y,Y,Y,Y,Y,Y,Y,Y,Y,Y,Y,Y,N,,,,,0,0,,POINT (-78.666382 37.510861),
-81.490929,37.123612,2020-05-31,495152,HERITAGE HALL TAZEWELL,282 BEN BOLT AVENUE,TAZEWELL,VA,24651,Y,Y,0,0,0,0,0,0,0,0,0,0,180,136,N,N,N,N,0,0,0,0,0,0,N,N,N,N,Y,Y,Y,Y,Y,Y,Y,Y,Y,Y,Y,Y,N,,,,,0,0,,POINT (-78.666382 37.510861),
-81.490929,37.123612,2020-05-24,495152,HERITAGE HALL TAZEWELL,282 BEN BOLT AVENUE,TAZEWELL,VA,24651,Y,Y,0,0,0,0,0,0,0,0,0,0,180,137,N,N,N,N,0,0,0,0,0,0,N,N,N,N,Y,Y,Y,Y,Y,Y,Y,Y,Y,Y,Y,Y,N,,,,,0,0,,POINT (-78.666382 37.510861),
-81.490929,37.123612,2020-06-21,495152,HERITAGE HALL TAZEWELL,282 BEN BOLT AVENUE,TAZEWELL,VA,24651,Y,Y,0,0,0,0,0,0,0,0,0,0,180,140,N,N,N,N,0,0,0,0,0,0,N,N,N,N,Y,Y,Y,Y,Y,Y,Y,Y,Y,Y,Y,Y,N,,,,,0,0,,POINT (-78.666382 37.510861),
-76.108336,36.841745,2020-06-21,495150,THE CITADEL VIRGINIA BEACH LLC,340 LYNN SHORES DRIVE,VIRGINIA BEACH,VA,23452,Y,Y,0,0,0,0,0,0,1,8,0,0,150,114,Y,N,Y,N,2,4,0,3,0,0,N,N,N,N,Y,N,Y,N,Y,N,Y,N,Y,N,Y,N,N,,,,,0,0,,POINT (-78.666382 37.510861),
-76.108336,36.841745,2020-05-24,495150,THE CITADEL VIRGINIA BEACH LLC,340 LYNN SHORES DRIVE,VIRGINIA BEACH,VA,23452,Y,Y,0,0,0,0,0,0,0,0,0,0,147,112,Y,N,Y,N,0,0,0,0,0,0,N,N,N,N,Y,N,Y,Y,Y,Y,Y,Y,Y,Y,Y,Y,N,,,,,0,0,,POINT (-78.666382 37.510861),
-76.108336,36.841745,2020-05-31,495150,THE CITADEL VIRGINIA BEACH LLC,340 LYNN SHORES DRIVE,VIRGINIA BEACH,VA,23452,Y,Y,0,0,0,0,0,0,2,2,0,0,150,111,Y,N,Y,Y,0,0,0,0,0,0,N,N,N,N,Y,N,Y,N,Y,N,Y,N,Y,N,Y,Y,N,,,,,0,0,,POINT (-78.666382 37.510861),
-76.108336,36.841745,2020-06-07,495150,THE CITADEL VIRGINIA BEACH LLC,340 LYNN SHORES DRIVE,VIRGINIA BEACH,VA,23452,Y,Y,0,0,0,0,0,0,3,5,0,0,150,112,Y,Y,Y,N,1,1,0,0,0,0,N,N,N,Y,Y,N,Y,N,Y,N,Y,N,Y,N,Y,Y,N,,,,,0,0,,POINT (-78.666382 37.510861),
-76.108336,36.841745,2020-06-14,495150,THE CITADEL VIRGINIA BEACH LLC,340 LYNN SHORES DRIVE,VIRGINIA BEACH,VA,23452,Y,Y,0,0,0,0,0,0,2,7,0,0,150,112,Y,N,Y,Y,1,2,3,3,0,0,N,N,N,N,Y,N,Y,N,Y,N,Y,N,Y,N,Y,N,N,,,,,0,0,,POINT (-78.666382 37.510861),
-78.519274,38.863732,2020-05-31,4.9E+076,SKYLINE TERRACE CONV HOME,PO BOX 558,WOODSTOCK,VA,22664,Y,Y,0,0,0,0,0,0,0,0,0,0,70,66,Y,Y,N,N,0,0,0,1,0,0,N,N,N,N,Y,N,Y,Y,Y,Y,Y,N,Y,Y,Y,Y,N,,,,,0,0,,POINT (-78.666382 37.510861),
-78.519274,38.863732,2020-05-24,4.9E+076,SKYLINE TERRACE CONV HOME,PO BOX 558,WOODSTOCK,VA,22664,Y,Y,0,0,0,0,0,0,0,0,0,0,70,66,Y,Y,N,N,0,0,1,1,0,0,N,N,N,N,Y,N,Y,Y,Y,Y,Y,N,Y,Y,Y,Y,N,,,,,0,0,,POINT (-78.666382 37.510861),
-78.519274,38.863732,2020-06-21,4.9E+076,SKYLINE TERRACE CONV HOME,PO BOX 558,WOODSTOCK,VA,22664,Y,Y,0,0,0,0,0,0,0,0,0,0,70,66,Y,Y,N,N,0,0,2,4,0,0,N,N,N,N,Y,N,Y,Y,Y,Y,Y,Y,Y,Y,Y,Y,N,,,,,0,0,,POINT (-78.666382 37.510861),
-78.519274,38.863732,2020-06-07,4.9E+076,SKYLINE TERRACE CONV HOME,PO BOX 558,WOODSTOCK,VA,22664,Y,Y,0,0,0,0,0,0,0,0,0,0,70,66,Y,Y,N,N,0,0,0,1,0,0,N,N,N,N,Y,N,Y,Y,Y,Y,Y,N,Y,Y,Y,Y,N,,,,,0,0,,POINT (-78.666382 37.510861),
-78.519274,38.863732,2020-06-14,4.9E+076,SKYLINE TERRACE CONV HOME,PO BOX 558,WOODSTOCK,VA,22664,Y,Y,0,0,0,0,0,0,0,0,0,0,70,66,Y,Y,N,N,0,0,1,2,0,0,N,N,N,N,Y,N,Y,Y,Y,Y,Y,N,Y,Y,Y,Y,N,,,,,0,0,,POINT (-78.666382 37.510861),
