"Date VDH Notified","Health Region","Facility Type Group","Number of Outbreaks"
03/10/2020,Eastern,"Congregate Setting",1
03/10/2020,Northern,"College / University",1
03/13/2020,Central,"Congregate Setting",1
03/16/2020,Central,"College / University",1
03/16/2020,Southwest,"Congregate Setting",1
03/17/2020,Central,"Long Term Care Facilities",1
03/17/2020,Eastern,"Congregate Setting",1
03/17/2020,Northern,"Long Term Care Facilities",1
03/20/2020,Central,"Congregate Setting",1
03/20/2020,Northern,"Long Term Care Facilities",1
03/23/2020,Central,"Congregate Setting",1
03/23/2020,Northwest,"College / University",1
03/25/2020,Central,"Congregate Setting",1
03/26/2020,Central,"Healthcare Setting",1
03/26/2020,Northwest,"Congregate Setting",1
03/27/2020,Northern,"Long Term Care Facilities",1
03/27/2020,Southwest,"Congregate Setting",1
03/28/2020,Central,"Long Term Care Facilities",3
03/28/2020,Eastern,"Long Term Care Facilities",1
03/28/2020,Northern,"Healthcare Setting",2
03/28/2020,Northern,"Long Term Care Facilities",2
03/28/2020,Northwest,"Healthcare Setting",1
03/29/2020,Northern,"Long Term Care Facilities",1
03/29/2020,Southwest,"Healthcare Setting",1
03/30/2020,Eastern,"Long Term Care Facilities",1
03/30/2020,Northwest,"Long Term Care Facilities",1
03/31/2020,Central,"Long Term Care Facilities",1
03/31/2020,Eastern,"Congregate Setting",1
03/31/2020,Eastern,"Healthcare Setting",1
03/31/2020,Eastern,"Long Term Care Facilities",3
04/01/2020,Central,"Long Term Care Facilities",1
04/01/2020,Eastern,"Long Term Care Facilities",1
04/01/2020,Northwest,"Correctional Facility",1
04/01/2020,Northwest,"Healthcare Setting",2
04/02/2020,Central,"Long Term Care Facilities",1
04/02/2020,Eastern,"Healthcare Setting",1
04/02/2020,Northern,"Healthcare Setting",1
04/02/2020,Northwest,"Healthcare Setting",1
04/03/2020,Central,"Correctional Facility",2
04/03/2020,Central,"Long Term Care Facilities",2
04/03/2020,Northern,"Congregate Setting",1
04/03/2020,Northern,"Long Term Care Facilities",1
04/03/2020,Southwest,"Congregate Setting",2
04/03/2020,Southwest,"Long Term Care Facilities",1
04/04/2020,Central,"Long Term Care Facilities",1
04/04/2020,Eastern,"Correctional Facility",1
04/04/2020,Northern,"Long Term Care Facilities",1
04/05/2020,Central,"Long Term Care Facilities",3
04/05/2020,Eastern,"Long Term Care Facilities",1
04/06/2020,Central,"Correctional Facility",1
04/06/2020,Eastern,"Correctional Facility",2
04/06/2020,Eastern,"Long Term Care Facilities",1
04/06/2020,Northern,"Long Term Care Facilities",1
04/06/2020,Northwest,"Long Term Care Facilities",1
04/07/2020,Central,"Congregate Setting",1
04/07/2020,Central,"Long Term Care Facilities",1
04/07/2020,Northern,"Long Term Care Facilities",3
04/08/2020,Central,"Long Term Care Facilities",2
04/08/2020,Eastern,"Long Term Care Facilities",1
04/08/2020,Northern,"Long Term Care Facilities",3
04/08/2020,Northwest,"Congregate Setting",1
04/08/2020,Northwest,"Healthcare Setting",1
04/08/2020,Northwest,"Long Term Care Facilities",2
04/09/2020,Central,"Long Term Care Facilities",1
04/09/2020,Eastern,"Long Term Care Facilities",1
04/09/2020,Northern,"Long Term Care Facilities",9
04/10/2020,Central,"Correctional Facility",1
04/10/2020,Central,"Healthcare Setting",1
04/10/2020,Central,"Long Term Care Facilities",1
04/10/2020,Eastern,"Congregate Setting",1
04/10/2020,Northern,"Congregate Setting",1
04/10/2020,Northern,"Correctional Facility",1
04/10/2020,Northern,"Long Term Care Facilities",2
04/10/2020,Southwest,"Healthcare Setting",2
04/10/2020,Southwest,K-12,1
04/11/2020,Eastern,"Long Term Care Facilities",1
04/11/2020,Northern,"Child Care",1
04/11/2020,Northern,"Long Term Care Facilities",2
04/12/2020,Central,"Congregate Setting",1
04/12/2020,Central,"Long Term Care Facilities",1
04/13/2020,Eastern,"Congregate Setting",2
04/13/2020,Eastern,"Long Term Care Facilities",1
04/13/2020,Northern,"Long Term Care Facilities",1
04/14/2020,Central,"Long Term Care Facilities",2
04/14/2020,Northern,"Congregate Setting",1
04/14/2020,Northern,"Long Term Care Facilities",1
04/14/2020,Northwest,"Congregate Setting",6
04/14/2020,Northwest,"Long Term Care Facilities",1
04/15/2020,Eastern,"Long Term Care Facilities",2
04/15/2020,Northern,"Long Term Care Facilities",2
04/16/2020,Central,"Congregate Setting",1
04/16/2020,Eastern,"Correctional Facility",1
04/16/2020,Eastern,"Long Term Care Facilities",1
04/16/2020,Northern,"Long Term Care Facilities",2
04/16/2020,Northwest,"Congregate Setting",1
04/16/2020,Northwest,"Correctional Facility",1
04/16/2020,Southwest,"Healthcare Setting",1
04/16/2020,Southwest,"Long Term Care Facilities",1
04/17/2020,Central,"Congregate Setting",1
04/17/2020,Central,"Long Term Care Facilities",1
04/17/2020,Eastern,"Healthcare Setting",1
04/17/2020,Eastern,"Long Term Care Facilities",3
04/17/2020,Northern,"Congregate Setting",1
04/17/2020,Northern,"Long Term Care Facilities",7
04/17/2020,Northwest,"Congregate Setting",3
04/18/2020,Eastern,"College / University",1
04/18/2020,Eastern,"Congregate Setting",8
04/18/2020,Eastern,"Correctional Facility",1
04/18/2020,Northern,"Long Term Care Facilities",4
04/19/2020,Eastern,"Correctional Facility",1
04/19/2020,Northern,"Long Term Care Facilities",1
04/19/2020,Southwest,"Long Term Care Facilities",1
04/20/2020,Central,"Congregate Setting",1
04/20/2020,Central,"Long Term Care Facilities",2
04/20/2020,Northern,"Healthcare Setting",1
04/20/2020,Southwest,"Congregate Setting",1
04/21/2020,Northern,"Congregate Setting",1
04/21/2020,Northern,"Long Term Care Facilities",2
04/21/2020,Northwest,"Long Term Care Facilities",2
04/22/2020,Central,"Correctional Facility",1
04/22/2020,Central,"Long Term Care Facilities",1
04/22/2020,Eastern,"Long Term Care Facilities",1
04/22/2020,Northern,"Long Term Care Facilities",1
04/22/2020,Southwest,"Long Term Care Facilities",1
04/23/2020,Central,"Correctional Facility",1
04/23/2020,Eastern,"Congregate Setting",1
04/23/2020,Eastern,"Healthcare Setting",1
04/23/2020,Eastern,"Long Term Care Facilities",3
04/23/2020,Northern,"Child Care",1
04/23/2020,Northern,"Long Term Care Facilities",4
04/23/2020,Southwest,"Congregate Setting",1
04/24/2020,Central,"Congregate Setting",2
04/24/2020,Northern,"Long Term Care Facilities",7
04/24/2020,Southwest,"Long Term Care Facilities",2
04/26/2020,Central,"Correctional Facility",1
04/27/2020,Eastern,"Long Term Care Facilities",1
04/28/2020,Northern,"Long Term Care Facilities",1
04/28/2020,Northwest,"Long Term Care Facilities",1
04/29/2020,Central,"Long Term Care Facilities",1
04/29/2020,Eastern,"Congregate Setting",1
04/29/2020,Eastern,"Correctional Facility",1
04/29/2020,Eastern,"Long Term Care Facilities",2
04/29/2020,Northern,"Long Term Care Facilities",2
04/29/2020,Northwest,"Congregate Setting",1
04/29/2020,Southwest,"Correctional Facility",1
04/30/2020,Central,"Long Term Care Facilities",4
04/30/2020,Eastern,"Healthcare Setting",1
04/30/2020,Northern,"Long Term Care Facilities",3
04/30/2020,Northwest,"Long Term Care Facilities",1
05/01/2020,Central,"Congregate Setting",1
05/01/2020,Central,"Correctional Facility",1
05/01/2020,Central,"Healthcare Setting",1
05/01/2020,Eastern,"Long Term Care Facilities",1
05/01/2020,Northern,"Long Term Care Facilities",1
05/01/2020,Southwest,"Congregate Setting",1
05/02/2020,Eastern,"Congregate Setting",1
05/02/2020,Northern,"Long Term Care Facilities",2
05/02/2020,Northwest,"Long Term Care Facilities",1
05/03/2020,Central,"Congregate Setting",1
05/03/2020,Eastern,"Congregate Setting",1
05/03/2020,Northern,"Long Term Care Facilities",1
05/03/2020,Northwest,"Long Term Care Facilities",1
05/03/2020,Southwest,"Congregate Setting",1
05/04/2020,Eastern,"Congregate Setting",1
05/04/2020,Eastern,"Long Term Care Facilities",1
05/04/2020,Northern,"Long Term Care Facilities",3
05/04/2020,Northwest,"Long Term Care Facilities",1
05/05/2020,Central,"Congregate Setting",3
05/05/2020,Central,"Long Term Care Facilities",1
05/05/2020,Eastern,"Long Term Care Facilities",1
05/05/2020,Northwest,"Long Term Care Facilities",1
05/06/2020,Central,"Long Term Care Facilities",1
05/06/2020,Eastern,"Congregate Setting",1
05/06/2020,Northern,"Long Term Care Facilities",1
05/06/2020,Northwest,"Long Term Care Facilities",2
05/06/2020,Southwest,"Congregate Setting",1
05/07/2020,Central,"Congregate Setting",1
05/07/2020,Northern,"Healthcare Setting",1
05/07/2020,Northwest,"Congregate Setting",2
05/07/2020,Southwest,"Congregate Setting",1
05/08/2020,Central,"Long Term Care Facilities",1
05/09/2020,Eastern,"Correctional Facility",1
05/09/2020,Northern,"Long Term Care Facilities",5
05/10/2020,Central,"Long Term Care Facilities",3
05/11/2020,Central,"Congregate Setting",1
05/11/2020,Eastern,"Long Term Care Facilities",2
05/11/2020,Northwest,"Long Term Care Facilities",1
05/12/2020,Eastern,"Congregate Setting",2
05/12/2020,Northern,"Long Term Care Facilities",6
05/12/2020,Northwest,"Congregate Setting",1
05/13/2020,Northern,"Correctional Facility",1
05/13/2020,Northern,"Long Term Care Facilities",1
05/13/2020,Northwest,"Congregate Setting",1
05/13/2020,Northwest,"Long Term Care Facilities",1
05/14/2020,Central,"Congregate Setting",1
05/14/2020,Central,"Long Term Care Facilities",1
05/14/2020,Eastern,"Congregate Setting",1
05/14/2020,Eastern,"Long Term Care Facilities",1
05/14/2020,Northern,"Long Term Care Facilities",1
05/14/2020,Northwest,"Congregate Setting",1
05/14/2020,Southwest,"Child Care",1
05/14/2020,Southwest,"Long Term Care Facilities",1
05/15/2020,Central,"Correctional Facility",1
05/15/2020,Eastern,"Long Term Care Facilities",1
05/15/2020,Northern,"Long Term Care Facilities",1
05/15/2020,Northwest,"Child Care",1
05/15/2020,Northwest,"Congregate Setting",1
05/15/2020,Northwest,"Long Term Care Facilities",1
05/16/2020,Northern,"Long Term Care Facilities",2
05/17/2020,Northwest,"Long Term Care Facilities",1
05/17/2020,Southwest,"Congregate Setting",1
05/18/2020,Central,"Correctional Facility",1
05/18/2020,Northern,"Long Term Care Facilities",1
05/18/2020,Northwest,"Congregate Setting",1
05/18/2020,Southwest,"Long Term Care Facilities",1
05/19/2020,Central,"Congregate Setting",1
05/19/2020,Central,"Correctional Facility",1
05/19/2020,Eastern,"Congregate Setting",1
05/19/2020,Northern,"Long Term Care Facilities",2
05/20/2020,Central,"Long Term Care Facilities",1
05/20/2020,Northern,"Long Term Care Facilities",1
05/20/2020,Southwest,"Congregate Setting",2
05/21/2020,Central,"Long Term Care Facilities",1
05/21/2020,Eastern,"Congregate Setting",1
05/21/2020,Northern,"Long Term Care Facilities",1
05/21/2020,Southwest,"Congregate Setting",1
05/22/2020,Eastern,"Child Care",1
05/22/2020,Northern,"Long Term Care Facilities",1
05/23/2020,Northwest,"Correctional Facility",1
05/23/2020,Northwest,"Long Term Care Facilities",1
05/24/2020,Southwest,"Long Term Care Facilities",1
05/25/2020,Central,"Congregate Setting",2
05/25/2020,Central,"Healthcare Setting",1
05/25/2020,Central,"Long Term Care Facilities",1
05/25/2020,Northwest,"Congregate Setting",1
05/26/2020,Central,"Long Term Care Facilities",1
05/26/2020,Eastern,"Congregate Setting",1
05/26/2020,Northern,"Congregate Setting",1
05/26/2020,Northwest,"Congregate Setting",1
05/27/2020,Central,"Long Term Care Facilities",1
05/27/2020,Northern,"Long Term Care Facilities",2
05/27/2020,Northwest,"Child Care",1
05/27/2020,Northwest,"Long Term Care Facilities",1
05/27/2020,Southwest,"Congregate Setting",4
05/27/2020,Southwest,"Long Term Care Facilities",2
05/28/2020,Central,"Healthcare Setting",1
05/28/2020,Central,"Long Term Care Facilities",3
05/28/2020,Northern,"Long Term Care Facilities",1
05/28/2020,Northwest,"Long Term Care Facilities",1
05/29/2020,Central,"Long Term Care Facilities",1
05/29/2020,Northwest,"Long Term Care Facilities",2
05/29/2020,Southwest,"Congregate Setting",1
05/30/2020,Central,"Long Term Care Facilities",1
05/30/2020,Eastern,"Long Term Care Facilities",1
05/30/2020,Southwest,"Congregate Setting",1
06/01/2020,Central,"Correctional Facility",1
06/01/2020,Central,"Healthcare Setting",1
06/01/2020,Eastern,"Child Care",1
06/01/2020,Southwest,"Congregate Setting",1
06/02/2020,Central,"Long Term Care Facilities",2
06/02/2020,Eastern,"Correctional Facility",1
06/02/2020,Northwest,"Congregate Setting",5
06/02/2020,Northwest,"Correctional Facility",1
06/02/2020,Northwest,"Healthcare Setting",2
06/02/2020,Northwest,"Long Term Care Facilities",2
06/03/2020,Central,"Congregate Setting",1
06/03/2020,Central,"Correctional Facility",1
06/03/2020,Northwest,"Long Term Care Facilities",3
06/04/2020,Central,"Correctional Facility",1
06/04/2020,Eastern,"Long Term Care Facilities",1
06/04/2020,Northern,"Congregate Setting",2
06/04/2020,Northern,"Long Term Care Facilities",4
06/04/2020,Northwest,"Congregate Setting",1
06/05/2020,Eastern,"Congregate Setting",1
06/05/2020,Eastern,"Long Term Care Facilities",1
06/05/2020,Northern,"Long Term Care Facilities",1
06/08/2020,Central,"Congregate Setting",1
06/08/2020,Central,"Long Term Care Facilities",1
06/08/2020,Eastern,"Congregate Setting",1
06/08/2020,Eastern,"Correctional Facility",1
06/08/2020,Northwest,"Congregate Setting",2
06/08/2020,Southwest,"Congregate Setting",1
06/09/2020,Eastern,"Congregate Setting",2
06/09/2020,Eastern,"Long Term Care Facilities",1
06/09/2020,Northern,"Healthcare Setting",1
06/10/2020,Central,"Correctional Facility",1
06/10/2020,Northwest,"Child Care",1
06/10/2020,Northwest,"Congregate Setting",2
06/11/2020,Central,"Congregate Setting",1
06/11/2020,Northwest,"Congregate Setting",2
06/15/2020,Central,"Long Term Care Facilities",1
06/15/2020,Eastern,"Congregate Setting",2
06/15/2020,Eastern,"Long Term Care Facilities",3
06/16/2020,Northwest,"Congregate Setting",1
06/17/2020,Central,"Correctional Facility",1
06/17/2020,Northwest,"Congregate Setting",1
06/18/2020,Central,"Congregate Setting",2
06/18/2020,Northwest,"Healthcare Setting",1
06/18/2020,Northwest,"Long Term Care Facilities",1
06/18/2020,Southwest,"Congregate Setting",1
06/19/2020,Northwest,"Healthcare Setting",1
06/20/2020,Southwest,"Long Term Care Facilities",1
06/21/2020,Eastern,"Congregate Setting",1
06/21/2020,Northwest,"Long Term Care Facilities",1
06/22/2020,Eastern,"Congregate Setting",4
06/22/2020,Southwest,"Congregate Setting",1
06/23/2020,Eastern,"Healthcare Setting",1
06/23/2020,Eastern,"Long Term Care Facilities",1
06/23/2020,Northern,"Congregate Setting",1
06/23/2020,Northwest,"Congregate Setting",1
06/23/2020,Southwest,"Long Term Care Facilities",1
06/24/2020,Central,"Long Term Care Facilities",1
06/24/2020,Eastern,"Child Care",1
06/24/2020,Southwest,"Long Term Care Facilities",2
06/25/2020,Eastern,"Congregate Setting",2
06/25/2020,Eastern,"Long Term Care Facilities",1
06/25/2020,Southwest,"Congregate Setting",1
06/25/2020,Southwest,"Long Term Care Facilities",1
06/26/2020,Eastern,"Congregate Setting",1
06/27/2020,Eastern,"Congregate Setting",1
06/27/2020,Northern,"Long Term Care Facilities",1
06/28/2020,Southwest,"Congregate Setting",1
06/29/2020,Eastern,"Congregate Setting",1
06/29/2020,Eastern,"Correctional Facility",2
06/29/2020,Eastern,"Long Term Care Facilities",1
06/29/2020,Southwest,"College / University",1
06/30/2020,Northern,"Long Term Care Facilities",1
06/30/2020,Northwest,"Long Term Care Facilities",1
06/30/2020,Southwest,"Long Term Care Facilities",1
07/01/2020,Southwest,"Congregate Setting",1
07/02/2020,Central,"Congregate Setting",1
07/02/2020,Central,"Long Term Care Facilities",1
07/02/2020,Eastern,"Long Term Care Facilities",1
07/02/2020,Northern,"Congregate Setting",2
07/02/2020,Northern,"Long Term Care Facilities",1
07/03/2020,Northwest,"Child Care",1
07/03/2020,Northwest,"Congregate Setting",1
07/03/2020,Northwest,"Long Term Care Facilities",1
07/04/2020,Central,"Congregate Setting",1
07/04/2020,Eastern,"Congregate Setting",3
07/04/2020,Eastern,K-12,1
07/04/2020,Northern,"Congregate Setting",1
07/04/2020,Southwest,"Long Term Care Facilities",2
07/05/2020,Eastern,"Long Term Care Facilities",1
07/06/2020,Central,"Congregate Setting",2
07/06/2020,Central,"Correctional Facility",1
07/06/2020,Central,"Long Term Care Facilities",2
07/06/2020,Eastern,"Congregate Setting",3
07/06/2020,Eastern,"Healthcare Setting",1
07/06/2020,Northwest,"Congregate Setting",1
07/06/2020,Northwest,"Long Term Care Facilities",1
07/06/2020,Southwest,"Congregate Setting",1
07/07/2020,Central,"Long Term Care Facilities",1
07/07/2020,Eastern,"Child Care",1
07/07/2020,Eastern,"Congregate Setting",2
07/07/2020,Eastern,"Correctional Facility",1
07/07/2020,Eastern,"Long Term Care Facilities",4
07/07/2020,Northern,"Child Care",1
07/08/2020,Eastern,"Long Term Care Facilities",3
07/08/2020,Northwest,"Congregate Setting",1
07/08/2020,Northwest,"Healthcare Setting",1
07/09/2020,Central,"Child Care",1
07/09/2020,Eastern,"Child Care",1
07/09/2020,Eastern,"Congregate Setting",1
07/09/2020,Eastern,"Long Term Care Facilities",1
07/09/2020,Northwest,"Congregate Setting",1
07/09/2020,Southwest,"Congregate Setting",1
07/09/2020,Southwest,"Correctional Facility",1
07/10/2020,Central,"Congregate Setting",3
07/10/2020,Northwest,"Congregate Setting",1
07/10/2020,Northwest,"Long Term Care Facilities",2
07/10/2020,Southwest,"Congregate Setting",1
07/10/2020,Southwest,"Long Term Care Facilities",1
07/11/2020,Eastern,"Correctional Facility",1
07/11/2020,Eastern,"Long Term Care Facilities",2
07/12/2020,Eastern,"Long Term Care Facilities",2
07/13/2020,Eastern,"Long Term Care Facilities",2
07/13/2020,Northern,"Congregate Setting",2
07/13/2020,Northwest,"Congregate Setting",1
07/13/2020,Southwest,"Congregate Setting",1
07/13/2020,Southwest,"Correctional Facility",1
07/13/2020,Southwest,"Long Term Care Facilities",1
07/14/2020,Eastern,"Congregate Setting",1
07/14/2020,Northern,"Long Term Care Facilities",2
07/14/2020,Northwest,"Healthcare Setting",1
07/15/2020,Central,"Long Term Care Facilities",2
07/15/2020,Eastern,"Healthcare Setting",1
07/15/2020,Northern,"Child Care",1
07/15/2020,Northern,"Long Term Care Facilities",1
07/15/2020,Northwest,"Long Term Care Facilities",1
07/15/2020,Southwest,"Congregate Setting",1
07/15/2020,Southwest,"Long Term Care Facilities",1
07/16/2020,Eastern,"Child Care",1
07/16/2020,Eastern,"Healthcare Setting",1
07/16/2020,Eastern,"Long Term Care Facilities",4
07/17/2020,Central,"Long Term Care Facilities",1
07/17/2020,Eastern,"Long Term Care Facilities",1
07/17/2020,Northern,"Child Care",1
07/17/2020,Northern,"Congregate Setting",1
07/17/2020,Northwest,"Congregate Setting",1
07/17/2020,Northwest,"Long Term Care Facilities",1
07/17/2020,Southwest,"Healthcare Setting",1
07/17/2020,Southwest,"Long Term Care Facilities",1
07/18/2020,Northwest,"Congregate Setting",1
07/19/2020,Eastern,"Long Term Care Facilities",1
07/20/2020,Central,"Correctional Facility",1
07/20/2020,Eastern,"Healthcare Setting",1
07/20/2020,Northern,"Child Care",1
07/20/2020,Northern,"Congregate Setting",1
07/20/2020,Southwest,"Congregate Setting",2
07/20/2020,Southwest,"Correctional Facility",2
07/20/2020,Southwest,"Healthcare Setting",1
07/20/2020,Southwest,"Long Term Care Facilities",1
07/21/2020,Eastern,"Long Term Care Facilities",2
07/21/2020,Northern,"Congregate Setting",2
07/21/2020,Northwest,"Long Term Care Facilities",1
07/22/2020,Central,"Long Term Care Facilities",1
07/22/2020,Eastern,"Correctional Facility",1
07/22/2020,Eastern,"Long Term Care Facilities",7
07/22/2020,Northern,"Child Care",1
07/22/2020,Southwest,"Congregate Setting",9
07/23/2020,Eastern,"Congregate Setting",1
07/23/2020,Northern,"Congregate Setting",1
07/23/2020,Southwest,"Congregate Setting",1
07/23/2020,Southwest,"Healthcare Setting",1
07/23/2020,Southwest,"Long Term Care Facilities",1
07/24/2020,Central,"Long Term Care Facilities",1
07/24/2020,Eastern,"Congregate Setting",1
07/24/2020,Eastern,"Healthcare Setting",1
07/24/2020,Eastern,"Long Term Care Facilities",1
07/24/2020,Northern,"Long Term Care Facilities",1
07/24/2020,Northwest,"Child Care",1
07/24/2020,Southwest,"Congregate Setting",7
07/25/2020,Eastern,"Correctional Facility",1
07/26/2020,Southwest,"Congregate Setting",2
07/26/2020,Southwest,"Healthcare Setting",1
07/27/2020,Central,"Congregate Setting",1
07/27/2020,Central,"Long Term Care Facilities",1
07/27/2020,Eastern,"Correctional Facility",1
07/27/2020,Eastern,"Long Term Care Facilities",2
07/28/2020,Eastern,"Congregate Setting",3
07/28/2020,Eastern,"Long Term Care Facilities",1
07/28/2020,Southwest,"Congregate Setting",1
07/29/2020,Eastern,"Long Term Care Facilities",3
07/29/2020,Northern,"Child Care",1
07/29/2020,Northern,"Congregate Setting",1
07/29/2020,Northwest,"Congregate Setting",1
07/29/2020,Southwest,"Long Term Care Facilities",2
07/30/2020,Northern,"Congregate Setting",1
07/30/2020,Southwest,"Congregate Setting",4
07/30/2020,Southwest,"Long Term Care Facilities",1
07/31/2020,Central,"Correctional Facility",1
07/31/2020,Central,"Long Term Care Facilities",1
07/31/2020,Eastern,"Congregate Setting",1
07/31/2020,Eastern,"Healthcare Setting",1
07/31/2020,Eastern,"Long Term Care Facilities",1
07/31/2020,Northern,"Congregate Setting",1
08/03/2020,Central,"Congregate Setting",1
08/03/2020,Central,"Healthcare Setting",1
08/03/2020,Eastern,"Long Term Care Facilities",1
08/03/2020,Northern,"Congregate Setting",1
08/03/2020,Southwest,"Congregate Setting",2
08/04/2020,Central,"Child Care",1
08/04/2020,Northern,"Child Care",1
08/04/2020,Northern,"Congregate Setting",3
08/04/2020,Northwest,K-12,1
08/04/2020,Northwest,"Long Term Care Facilities",1
08/04/2020,Southwest,"Congregate Setting",2
08/04/2020,Southwest,"Long Term Care Facilities",1
08/05/2020,Central,"Long Term Care Facilities",2
08/05/2020,Northern,"Congregate Setting",1
08/05/2020,Northern,"Long Term Care Facilities",1
08/05/2020,Northwest,"Long Term Care Facilities",1
08/06/2020,Central,"Congregate Setting",1
08/06/2020,Eastern,"Child Care",1
08/06/2020,Eastern,"Healthcare Setting",1
08/06/2020,Eastern,"Long Term Care Facilities",1
08/06/2020,Northern,"Long Term Care Facilities",1
08/06/2020,Northwest,K-12,1
08/06/2020,Southwest,"College / University",1
08/06/2020,Southwest,"Congregate Setting",4
08/06/2020,Southwest,"Long Term Care Facilities",1
08/07/2020,Central,"Congregate Setting",1
08/07/2020,Northern,"Child Care",1
08/08/2020,Eastern,"Long Term Care Facilities",1
08/09/2020,Eastern,"Long Term Care Facilities",2
08/09/2020,Northern,"Congregate Setting",1
08/10/2020,Central,"Congregate Setting",1
08/10/2020,Central,"Healthcare Setting",1
08/10/2020,Central,"Long Term Care Facilities",3
08/10/2020,Eastern,"Long Term Care Facilities",1
08/10/2020,Northern,"Congregate Setting",1
08/10/2020,Northern,K-12,1
08/10/2020,Northwest,"Long Term Care Facilities",1
08/10/2020,Southwest,"Congregate Setting",2
08/10/2020,Southwest,"Correctional Facility",1
08/10/2020,Southwest,"Long Term Care Facilities",2
08/11/2020,Central,"Child Care",1
08/11/2020,Central,"Congregate Setting",1
08/11/2020,Eastern,"Child Care",1
08/11/2020,Eastern,"Long Term Care Facilities",3
08/11/2020,Northern,"Congregate Setting",2
08/11/2020,Southwest,"Congregate Setting",1
08/12/2020,Central,"Congregate Setting",1
08/12/2020,Central,"Long Term Care Facilities",1
08/12/2020,Eastern,"Long Term Care Facilities",1
08/12/2020,Northern,"Congregate Setting",1
08/12/2020,Northwest,"Long Term Care Facilities",2
08/13/2020,Central,"Long Term Care Facilities",1
08/13/2020,Eastern,"Child Care",1
08/13/2020,Eastern,"Congregate Setting",1
08/13/2020,Eastern,"Correctional Facility",1
08/13/2020,Northern,"Congregate Setting",1
08/13/2020,Northern,"Healthcare Setting",1
08/13/2020,Northwest,"Congregate Setting",2
08/13/2020,Northwest,"Long Term Care Facilities",1
08/14/2020,Central,"Long Term Care Facilities",1
08/14/2020,Eastern,"Long Term Care Facilities",1
08/14/2020,Northwest,"Congregate Setting",4
08/14/2020,Northwest,"Correctional Facility",1
08/14/2020,Northwest,"Long Term Care Facilities",3
08/14/2020,Southwest,"Congregate Setting",1
08/14/2020,Southwest,"Correctional Facility",1
08/14/2020,Southwest,"Long Term Care Facilities",1
08/15/2020,Eastern,"Congregate Setting",1
08/16/2020,Eastern,K-12,1
08/17/2020,Central,"Correctional Facility",1
08/17/2020,Central,"Long Term Care Facilities",3
08/17/2020,Eastern,"Child Care",1
08/17/2020,Eastern,"Correctional Facility",1
08/17/2020,Eastern,"Healthcare Setting",1
08/17/2020,Eastern,"Long Term Care Facilities",4
08/17/2020,Southwest,"Long Term Care Facilities",1
08/18/2020,Central,"Correctional Facility",1
08/18/2020,Central,"Long Term Care Facilities",1
08/18/2020,Eastern,"Child Care",1
08/18/2020,Northwest,"Congregate Setting",1
08/18/2020,Northwest,"Long Term Care Facilities",1
08/18/2020,Southwest,"Congregate Setting",5
08/18/2020,Southwest,"Long Term Care Facilities",2
08/19/2020,Central,"Child Care",1
08/19/2020,Central,"Congregate Setting",3
08/19/2020,Central,"Healthcare Setting",1
08/19/2020,Northern,"Congregate Setting",1
08/19/2020,Northern,"Correctional Facility",1
08/19/2020,Northern,K-12,1
08/19/2020,Northern,"Long Term Care Facilities",1
08/19/2020,Southwest,"College / University",1
08/20/2020,Central,"Congregate Setting",1
08/20/2020,Central,"Healthcare Setting",1
08/20/2020,Central,"Long Term Care Facilities",1
08/20/2020,Eastern,"Congregate Setting",1
08/20/2020,Eastern,"Long Term Care Facilities",1
08/20/2020,Northern,"Congregate Setting",1
08/20/2020,Southwest,"Congregate Setting",1
08/20/2020,Southwest,"Long Term Care Facilities",1
08/21/2020,Central,"Healthcare Setting",1
08/21/2020,Central,"Long Term Care Facilities",1
08/21/2020,Northern,"Child Care",1
08/21/2020,Northern,"Congregate Setting",1
08/21/2020,Northwest,"Long Term Care Facilities",1
08/21/2020,Southwest,"College / University",1
08/22/2020,Central,"Healthcare Setting",1
08/22/2020,Northwest,"Long Term Care Facilities",2
08/23/2020,Eastern,"Congregate Setting",1
08/23/2020,Northwest,"Congregate Setting",1
08/23/2020,Northwest,"Long Term Care Facilities",1
08/24/2020,Central,"College / University",1
08/24/2020,Central,"Congregate Setting",2
08/24/2020,Central,"Long Term Care Facilities",1
08/24/2020,Eastern,"Congregate Setting",1
08/24/2020,Eastern,"Long Term Care Facilities",1
08/24/2020,Northern,"Congregate Setting",1
08/24/2020,Northwest,"Healthcare Setting",1
08/24/2020,Southwest,"Correctional Facility",1
08/24/2020,Southwest,"Long Term Care Facilities",1
08/25/2020,Central,"Congregate Setting",2
08/25/2020,Northwest,"Long Term Care Facilities",1
08/25/2020,Southwest,"Long Term Care Facilities",1
08/26/2020,Central,"Child Care",1
08/26/2020,Central,"Congregate Setting",1
08/26/2020,Northern,"Child Care",1
08/26/2020,Northern,"Congregate Setting",1
08/26/2020,Northern,"Long Term Care Facilities",2
08/26/2020,Southwest,"College / University",1
08/26/2020,Southwest,"Congregate Setting",3
08/27/2020,Central,"Healthcare Setting",1
08/27/2020,Northern,"Long Term Care Facilities",1
08/27/2020,Northwest,"College / University",1
08/27/2020,Northwest,"Long Term Care Facilities",1
08/28/2020,Central,"Congregate Setting",2
08/28/2020,Eastern,"Correctional Facility",1
08/28/2020,Northern,"Long Term Care Facilities",1
08/28/2020,Southwest,"Congregate Setting",1
08/28/2020,Southwest,K-12,2
08/29/2020,Central,"Congregate Setting",1
08/29/2020,Central,"Healthcare Setting",1
08/29/2020,Southwest,"Congregate Setting",1
08/30/2020,Southwest,"Long Term Care Facilities",2
08/31/2020,Central,"College / University",1
08/31/2020,Central,"Congregate Setting",2
08/31/2020,Northwest,"Congregate Setting",1
09/01/2020,Central,"Child Care",1
09/01/2020,Eastern,"Congregate Setting",1
09/01/2020,Eastern,"Long Term Care Facilities",2
09/01/2020,Southwest,"Correctional Facility",1
09/01/2020,Southwest,"Long Term Care Facilities",1
09/02/2020,Central,"Congregate Setting",1
09/02/2020,Central,"Long Term Care Facilities",2
09/02/2020,Eastern,"Congregate Setting",1
09/02/2020,Northern,"Congregate Setting",5
09/02/2020,Southwest,"College / University",1
09/02/2020,Southwest,"Congregate Setting",2
09/02/2020,Southwest,"Long Term Care Facilities",1
09/03/2020,Central,"College / University",1
09/03/2020,Central,"Correctional Facility",1
09/03/2020,Central,"Long Term Care Facilities",1
09/03/2020,Northern,"Congregate Setting",1
09/03/2020,Southwest,"Congregate Setting",1
09/04/2020,Central,"College / University",4
09/04/2020,Central,K-12,1
09/04/2020,Central,"Long Term Care Facilities",1
09/04/2020,Northern,"Congregate Setting",2
09/04/2020,Northern,"Long Term Care Facilities",2
09/04/2020,Northwest,"Long Term Care Facilities",1
09/04/2020,Southwest,"Congregate Setting",4
09/04/2020,Southwest,"Long Term Care Facilities",1
09/05/2020,Eastern,"Congregate Setting",1
09/05/2020,Eastern,"Long Term Care Facilities",1
09/05/2020,Southwest,"Long Term Care Facilities",1
09/06/2020,Eastern,"Correctional Facility",1
09/06/2020,Southwest,"Long Term Care Facilities",1
09/07/2020,Central,"Congregate Setting",1
09/07/2020,Central,K-12,1
09/07/2020,Eastern,"Child Care",1
09/07/2020,Northwest,"College / University",1
09/08/2020,Central,"Congregate Setting",3
09/08/2020,Eastern,"Long Term Care Facilities",1
09/08/2020,Northern,"Congregate Setting",1
09/08/2020,Northwest,"Congregate Setting",1
09/08/2020,Southwest,"Congregate Setting",1
09/09/2020,Central,"Healthcare Setting",1
09/09/2020,Northern,"Congregate Setting",1
09/09/2020,Northern,"Long Term Care Facilities",1
09/10/2020,Central,"Congregate Setting",1
09/10/2020,Northern,"Congregate Setting",2
09/10/2020,Northern,"Long Term Care Facilities",1
09/10/2020,Northwest,"Healthcare Setting",1
09/10/2020,Southwest,"Congregate Setting",1
09/10/2020,Southwest,K-12,1
09/10/2020,Southwest,"Long Term Care Facilities",1
09/11/2020,Central,"Congregate Setting",1
09/11/2020,Eastern,"Congregate Setting",1
09/11/2020,Eastern,"Correctional Facility",1
09/11/2020,Northern,"Child Care",2
09/11/2020,Northern,"Congregate Setting",2
09/11/2020,Northern,"Long Term Care Facilities",1
09/11/2020,Southwest,"Congregate Setting",1
09/11/2020,Southwest,K-12,1
09/11/2020,Southwest,"Long Term Care Facilities",2
09/12/2020,Central,"Congregate Setting",1
09/12/2020,Central,K-12,1
09/13/2020,Central,"Long Term Care Facilities",1
09/13/2020,Northwest,"Congregate Setting",3
09/14/2020,Central,"Child Care",1
09/14/2020,Central,"Congregate Setting",1
09/14/2020,Central,"Healthcare Setting",2
09/14/2020,Central,K-12,1
09/14/2020,Central,"Long Term Care Facilities",2
09/14/2020,Northern,"Child Care",1
09/14/2020,Northern,"Congregate Setting",2
09/14/2020,Southwest,"Congregate Setting",1
09/14/2020,Southwest,K-12,1
09/15/2020,Eastern,"Congregate Setting",1
09/15/2020,Eastern,"Long Term Care Facilities",2
09/15/2020,Northern,"Congregate Setting",2
09/15/2020,Northwest,"Correctional Facility",3
09/15/2020,Southwest,"Congregate Setting",5
09/15/2020,Southwest,K-12,2
09/16/2020,Eastern,"Healthcare Setting",1
09/16/2020,Northern,"Congregate Setting",1
09/16/2020,Northwest,"College / University",1
09/16/2020,Southwest,"College / University",1
09/17/2020,Central,"College / University",1
09/17/2020,Central,"Healthcare Setting",1
09/17/2020,Northern,"Congregate Setting",1
09/17/2020,Northwest,"College / University",1
09/17/2020,Northwest,"Congregate Setting",3
09/17/2020,Northwest,K-12,1
09/17/2020,Northwest,"Long Term Care Facilities",1
09/17/2020,Southwest,"College / University",1
09/18/2020,Central,K-12,1
09/18/2020,Eastern,"Congregate Setting",2
09/18/2020,Eastern,K-12,2
09/18/2020,Eastern,"Long Term Care Facilities",1
09/18/2020,Northern,"Child Care",1
09/18/2020,Northern,"Congregate Setting",1
09/18/2020,Northern,"Long Term Care Facilities",1
09/18/2020,Northwest,"Child Care",1
09/18/2020,Northwest,"Congregate Setting",1
09/18/2020,Northwest,"Correctional Facility",1
09/18/2020,Northwest,"Healthcare Setting",1
09/18/2020,Southwest,"Congregate Setting",1
09/19/2020,Northwest,"College / University",1
09/20/2020,Northwest,"Long Term Care Facilities",2
09/21/2020,Northern,"Child Care",1
09/21/2020,Northern,"College / University",1
09/21/2020,Northern,"Long Term Care Facilities",1
09/21/2020,Northwest,"Congregate Setting",1
09/21/2020,Northwest,"Healthcare Setting",1
09/21/2020,Southwest,"Congregate Setting",1
09/21/2020,Southwest,"Long Term Care Facilities",1
09/22/2020,Central,"Congregate Setting",2
09/22/2020,Central,K-12,1
09/22/2020,Eastern,"Congregate Setting",1
09/22/2020,Northern,"Congregate Setting",1
09/22/2020,Southwest,"Congregate Setting",2
09/22/2020,Southwest,"Correctional Facility",1
09/22/2020,Southwest,K-12,1
09/22/2020,Southwest,"Long Term Care Facilities",1
09/23/2020,Eastern,"Congregate Setting",1
09/23/2020,Southwest,"College / University",1
09/24/2020,Central,K-12,2
09/24/2020,Central,"Long Term Care Facilities",1
09/24/2020,Southwest,K-12,1
09/24/2020,Southwest,"Long Term Care Facilities",1
09/25/2020,Central,"Healthcare Setting",3
09/25/2020,Central,"Long Term Care Facilities",1
09/25/2020,Northern,"Child Care",1
09/25/2020,Northern,"Congregate Setting",1
09/25/2020,Northern,"Long Term Care Facilities",1
09/25/2020,Northwest,"Healthcare Setting",1
09/26/2020,Central,"Healthcare Setting",1
09/27/2020,Eastern,"Congregate Setting",1
09/27/2020,Southwest,"Congregate Setting",10
09/27/2020,Southwest,"Long Term Care Facilities",3
09/28/2020,Central,"Long Term Care Facilities",1
09/28/2020,Eastern,"Congregate Setting",2
09/28/2020,Eastern,"Long Term Care Facilities",1
09/28/2020,Northern,"Congregate Setting",1
09/28/2020,Northwest,"Child Care",1
09/28/2020,Northwest,"College / University",3
09/28/2020,Southwest,"Long Term Care Facilities",1
09/29/2020,Central,"Congregate Setting",1
09/29/2020,Central,"Long Term Care Facilities",1
09/29/2020,Eastern,"Long Term Care Facilities",1
09/29/2020,Northern,"Child Care",1
09/30/2020,Central,"Congregate Setting",3
09/30/2020,Eastern,"Child Care",1
09/30/2020,Eastern,"Congregate Setting",2
09/30/2020,Eastern,"Long Term Care Facilities",1
09/30/2020,Northern,"Correctional Facility",1
09/30/2020,Northwest,"Child Care",1
09/30/2020,Northwest,"Congregate Setting",1
09/30/2020,Northwest,"Healthcare Setting",1
09/30/2020,Northwest,"Long Term Care Facilities",1
10/01/2020,Central,"Long Term Care Facilities",3
10/01/2020,Northern,"Child Care",3
10/01/2020,Northern,"Congregate Setting",1
10/01/2020,Northern,"Healthcare Setting",1
10/01/2020,Northern,K-12,1
10/01/2020,Northwest,"Congregate Setting",1
10/01/2020,Northwest,"Long Term Care Facilities",1
10/01/2020,Southwest,"Congregate Setting",2
10/01/2020,Southwest,K-12,2
10/01/2020,Southwest,"Long Term Care Facilities",1
10/02/2020,Eastern,"College / University",1
10/02/2020,Eastern,"Congregate Setting",1
10/02/2020,Eastern,"Long Term Care Facilities",1
10/02/2020,Northern,"Healthcare Setting",1
10/02/2020,Southwest,"College / University",1
10/02/2020,Southwest,"Congregate Setting",1
10/02/2020,Southwest,"Correctional Facility",1
10/04/2020,Southwest,"Long Term Care Facilities",1
10/05/2020,Central,"Congregate Setting",2
10/05/2020,Eastern,"Child Care",1
10/05/2020,Eastern,"Congregate Setting",1
10/05/2020,Northern,"Child Care",1
10/05/2020,Northern,"Congregate Setting",7
10/05/2020,Northern,"Long Term Care Facilities",1
10/05/2020,Northwest,"Congregate Setting",1
10/05/2020,Northwest,"Healthcare Setting",1
10/05/2020,Southwest,"Healthcare Setting",1
10/05/2020,Southwest,"Long Term Care Facilities",1
10/06/2020,Central,"Healthcare Setting",2
10/06/2020,Eastern,"Child Care",1
10/06/2020,Eastern,"College / University",1
10/06/2020,Northwest,"Congregate Setting",1
10/06/2020,Southwest,"Congregate Setting",1
10/06/2020,Southwest,"Long Term Care Facilities",1
10/07/2020,Central,"Congregate Setting",1
10/07/2020,Central,"Healthcare Setting",3
10/07/2020,Eastern,"College / University",1
10/07/2020,Northern,"College / University",1
10/07/2020,Northern,"Congregate Setting",2
10/07/2020,Northwest,"Congregate Setting",1
10/07/2020,Northwest,"Long Term Care Facilities",1
10/08/2020,Central,"Child Care",2
10/08/2020,Northern,"Congregate Setting",2
10/08/2020,Northern,"Long Term Care Facilities",2
10/08/2020,Northwest,"Long Term Care Facilities",1
10/09/2020,Central,"Congregate Setting",2
10/09/2020,Central,"Healthcare Setting",2
10/09/2020,Eastern,"College / University",1
10/09/2020,Eastern,"Long Term Care Facilities",1
10/09/2020,Northern,"Congregate Setting",1
10/09/2020,Northwest,"Long Term Care Facilities",2
10/09/2020,Southwest,"Healthcare Setting",1
10/09/2020,Southwest,"Long Term Care Facilities",1
10/10/2020,Southwest,"Congregate Setting",10
10/10/2020,Southwest,"Healthcare Setting",1
10/10/2020,Southwest,"Long Term Care Facilities",3
10/12/2020,Central,"Healthcare Setting",2
10/12/2020,Northern,"Child Care",1
10/12/2020,Northern,"Long Term Care Facilities",1
10/12/2020,Northwest,"Congregate Setting",1
10/12/2020,Southwest,"Congregate Setting",4
10/13/2020,Central,"Congregate Setting",1
10/13/2020,Eastern,"Congregate Setting",2
10/13/2020,Eastern,K-12,1
10/13/2020,Northern,"Child Care",1
10/13/2020,Northern,"Congregate Setting",1
10/13/2020,Southwest,"Long Term Care Facilities",1
10/14/2020,Central,"Congregate Setting",1
10/14/2020,Central,"Long Term Care Facilities",1
10/14/2020,Northern,"Child Care",1
10/14/2020,Northern,"College / University",1
10/14/2020,Northern,"Congregate Setting",3
10/14/2020,Northern,"Long Term Care Facilities",1
10/14/2020,Northwest,"Long Term Care Facilities",1
10/15/2020,Central,"Child Care",1
10/15/2020,Central,"College / University",1
10/15/2020,Central,"Congregate Setting",2
10/15/2020,Northern,"Congregate Setting",2
10/15/2020,Northwest,"College / University",1
10/16/2020,Central,"Congregate Setting",5
10/16/2020,Central,"Healthcare Setting",2
10/16/2020,Central,"Long Term Care Facilities",1
10/16/2020,Northern,"Congregate Setting",2
10/16/2020,Northwest,"Long Term Care Facilities",1
10/16/2020,Southwest,"Congregate Setting",1
10/16/2020,Southwest,"Long Term Care Facilities",1
10/17/2020,Southwest,"Congregate Setting",1
10/18/2020,Central,"Congregate Setting",1
10/18/2020,Northwest,"Correctional Facility",1
10/19/2020,Central,"College / University",1
10/19/2020,Central,"Correctional Facility",1
10/19/2020,Central,"Healthcare Setting",1
10/19/2020,Central,"Long Term Care Facilities",1
10/19/2020,Eastern,"Child Care",1
10/19/2020,Northern,"Child Care",1
10/19/2020,Northern,"Congregate Setting",2
10/19/2020,Northwest,"Congregate Setting",1
10/19/2020,Northwest,"Correctional Facility",1
10/19/2020,Northwest,"Healthcare Setting",1
10/19/2020,Southwest,"Long Term Care Facilities",1
10/20/2020,Central,K-12,1
10/20/2020,Eastern,"Congregate Setting",3
10/20/2020,Northern,"Congregate Setting",1
10/20/2020,Northern,"Long Term Care Facilities",1
10/20/2020,Southwest,"Congregate Setting",3
10/20/2020,Southwest,"Correctional Facility",1
10/20/2020,Southwest,"Long Term Care Facilities",2
10/21/2020,Central,"College / University",1
10/21/2020,Central,"Congregate Setting",1
10/21/2020,Central,K-12,1
10/21/2020,Eastern,"Congregate Setting",1
10/21/2020,Eastern,K-12,1
10/21/2020,Northern,"Congregate Setting",1
10/21/2020,Southwest,K-12,3
10/21/2020,Southwest,"Long Term Care Facilities",1
10/22/2020,Eastern,"College / University",1
10/22/2020,Eastern,"Congregate Setting",1
10/22/2020,Northern,"Congregate Setting",3
10/22/2020,Northern,"Long Term Care Facilities",1
10/22/2020,Northwest,"College / University",1
10/22/2020,Southwest,K-12,1
10/23/2020,Central,"Congregate Setting",2
10/23/2020,Central,"Healthcare Setting",1
10/23/2020,Central,"Long Term Care Facilities",2
10/23/2020,Northern,"Congregate Setting",1
10/23/2020,Northern,"Long Term Care Facilities",1
10/23/2020,Northwest,"Long Term Care Facilities",1
10/23/2020,Southwest,"Child Care",1
10/23/2020,Southwest,"Congregate Setting",5
10/23/2020,Southwest,"Healthcare Setting",1
10/23/2020,Southwest,K-12,3
10/23/2020,Southwest,"Long Term Care Facilities",8
10/25/2020,Northwest,"Congregate Setting",1
10/25/2020,Northwest,"Long Term Care Facilities",1
10/25/2020,Southwest,"Congregate Setting",1
10/26/2020,Central,"Congregate Setting",2
10/26/2020,Central,"Healthcare Setting",1
10/26/2020,Southwest,"Congregate Setting",1
10/26/2020,Southwest,"Healthcare Setting",1
10/27/2020,Central,"Congregate Setting",1
10/27/2020,Eastern,"Congregate Setting",1
10/27/2020,Eastern,"Correctional Facility",1
10/27/2020,Eastern,"Long Term Care Facilities",1
10/27/2020,Southwest,"Congregate Setting",2
10/27/2020,Southwest,"Long Term Care Facilities",1
10/28/2020,Central,"Congregate Setting",1
10/28/2020,Central,"Correctional Facility",1
10/28/2020,Eastern,"College / University",1
10/28/2020,Eastern,"Congregate Setting",2
10/28/2020,Eastern,"Healthcare Setting",1
10/28/2020,Northern,"Child Care",3
10/28/2020,Northern,"Congregate Setting",2
10/28/2020,Northern,"Healthcare Setting",1
10/28/2020,Northern,"Long Term Care Facilities",1
10/28/2020,Northwest,"College / University",1
10/28/2020,Southwest,"Long Term Care Facilities",3
10/29/2020,Central,"Congregate Setting",1
10/29/2020,Central,"Long Term Care Facilities",1
10/29/2020,Northern,"Congregate Setting",3
10/29/2020,Northwest,K-12,1
10/29/2020,Northwest,"Long Term Care Facilities",1
10/29/2020,Southwest,K-12,1
10/29/2020,Southwest,"Long Term Care Facilities",1
10/30/2020,Central,"Congregate Setting",6
10/30/2020,Central,"Correctional Facility",1
10/30/2020,Central,"Healthcare Setting",2
10/30/2020,Central,K-12,1
10/30/2020,Central,"Long Term Care Facilities",3
10/30/2020,Eastern,K-12,1
10/30/2020,Northern,"Congregate Setting",2
10/30/2020,Southwest,"Congregate Setting",2
10/30/2020,Southwest,"Healthcare Setting",1
10/30/2020,Southwest,"Long Term Care Facilities",1
10/31/2020,Central,"Healthcare Setting",1
10/31/2020,Northern,"Congregate Setting",1
10/31/2020,Northern,"Correctional Facility",1
10/31/2020,Southwest,"Correctional Facility",1
10/31/2020,Southwest,"Long Term Care Facilities",1
11/02/2020,Central,"College / University",1
11/02/2020,Central,"Congregate Setting",1
11/02/2020,Central,"Long Term Care Facilities",1
11/02/2020,Eastern,"Child Care",1
11/02/2020,Northern,"Congregate Setting",1
11/02/2020,Southwest,"Correctional Facility",1
11/02/2020,Southwest,"Long Term Care Facilities",1
11/03/2020,Central,"Congregate Setting",3
11/03/2020,Northern,"Congregate Setting",1
11/03/2020,Northwest,"Long Term Care Facilities",1
11/03/2020,Southwest,"Healthcare Setting",1
11/03/2020,Southwest,K-12,1
11/04/2020,Central,K-12,1
11/04/2020,Central,"Long Term Care Facilities",3
11/04/2020,Eastern,"Correctional Facility",1
11/04/2020,Eastern,"Long Term Care Facilities",2
11/04/2020,Northern,"Congregate Setting",3
11/04/2020,Northern,"Long Term Care Facilities",1
11/04/2020,Northwest,K-12,1
11/04/2020,Southwest,"Congregate Setting",1
11/04/2020,Southwest,K-12,1
11/05/2020,Central,"Congregate Setting",1
11/05/2020,Central,"Long Term Care Facilities",1
11/05/2020,Eastern,"Congregate Setting",1
11/05/2020,Eastern,"Long Term Care Facilities",1
11/05/2020,Northern,"Congregate Setting",3
11/05/2020,Northwest,"Congregate Setting",2
11/05/2020,Northwest,"Long Term Care Facilities",1
11/06/2020,Central,"Long Term Care Facilities",2
11/06/2020,Eastern,"Congregate Setting",1
11/06/2020,Eastern,K-12,1
11/06/2020,Northern,"Congregate Setting",3
11/07/2020,Central,"Congregate Setting",1
11/07/2020,Eastern,"Long Term Care Facilities",1
11/07/2020,Northern,K-12,1
11/08/2020,Southwest,"Long Term Care Facilities",1
11/09/2020,Central,"Congregate Setting",2
11/09/2020,Central,"Healthcare Setting",1
11/09/2020,Eastern,"Child Care",1
11/09/2020,Northern,"Congregate Setting",2
11/09/2020,Northwest,"Long Term Care Facilities",1
11/09/2020,Southwest,"Child Care",1
11/09/2020,Southwest,K-12,2
11/09/2020,Southwest,"Long Term Care Facilities",3
11/10/2020,Central,"Congregate Setting",1
11/10/2020,Eastern,"Healthcare Setting",1
11/10/2020,Northern,"Congregate Setting",4
11/10/2020,Northern,K-12,1
11/10/2020,Northern,"Long Term Care Facilities",1
11/10/2020,Southwest,"Congregate Setting",2
11/10/2020,Southwest,"Healthcare Setting",1
11/10/2020,Southwest,K-12,1
11/10/2020,Southwest,"Long Term Care Facilities",1
11/11/2020,Central,"College / University",1
11/11/2020,Central,"Congregate Setting",3
11/11/2020,Central,"Long Term Care Facilities",3
11/11/2020,Southwest,"Congregate Setting",2
11/11/2020,Southwest,"Correctional Facility",1
11/12/2020,Central,"Long Term Care Facilities",2
11/12/2020,Northern,"Congregate Setting",1
11/12/2020,Northern,K-12,1
11/12/2020,Northwest,K-12,1
11/12/2020,Northwest,"Long Term Care Facilities",1
11/12/2020,Southwest,"Healthcare Setting",1
11/12/2020,Southwest,K-12,1
11/13/2020,Central,"College / University",2
11/13/2020,Central,K-12,1
11/13/2020,Central,"Long Term Care Facilities",1
11/13/2020,Eastern,"Congregate Setting",1
11/13/2020,Eastern,"Long Term Care Facilities",2
11/13/2020,Northern,"Child Care",2
11/13/2020,Northern,"Congregate Setting",5
11/13/2020,Northern,"Long Term Care Facilities",1
11/13/2020,Northwest,K-12,1
11/13/2020,Northwest,"Long Term Care Facilities",1
11/13/2020,Southwest,"Congregate Setting",1
11/13/2020,Southwest,K-12,1
11/14/2020,Northwest,"Congregate Setting",2
11/14/2020,Northwest,"Long Term Care Facilities",1
11/14/2020,Southwest,"Long Term Care Facilities",2
11/15/2020,Central,"Long Term Care Facilities",1
11/15/2020,Southwest,"Congregate Setting",1
11/16/2020,Central,"College / University",1
11/16/2020,Central,"Congregate Setting",2
11/16/2020,Central,"Healthcare Setting",3
11/16/2020,Central,"Long Term Care Facilities",1
11/16/2020,Eastern,"Healthcare Setting",1
11/16/2020,Northwest,"Congregate Setting",1
11/16/2020,Northwest,"Healthcare Setting",1
11/16/2020,Northwest,"Long Term Care Facilities",1
11/16/2020,Southwest,"Healthcare Setting",1
11/16/2020,Southwest,"Long Term Care Facilities",2
11/17/2020,Central,"Congregate Setting",2
11/17/2020,Central,"Healthcare Setting",1
11/17/2020,Northern,"Congregate Setting",1
11/17/2020,Northern,K-12,1
11/17/2020,Northern,"Long Term Care Facilities",2
11/17/2020,Northwest,"Correctional Facility",1
11/17/2020,Northwest,"Long Term Care Facilities",1
11/17/2020,Southwest,"Child Care",1
11/17/2020,Southwest,"Congregate Setting",3
11/17/2020,Southwest,K-12,1
11/17/2020,Southwest,"Long Term Care Facilities",3
11/18/2020,Central,"Congregate Setting",2
11/18/2020,Central,"Long Term Care Facilities",1
11/18/2020,Eastern,"Congregate Setting",1
11/18/2020,Eastern,"Healthcare Setting",1
11/18/2020,Eastern,"Long Term Care Facilities",1
11/18/2020,Northern,"Child Care",1
11/18/2020,Northern,"Congregate Setting",3
11/18/2020,Northern,"Healthcare Setting",1
11/18/2020,Northwest,"Congregate Setting",1
11/18/2020,Northwest,"Healthcare Setting",1
11/18/2020,Southwest,"Congregate Setting",1
11/18/2020,Southwest,"Correctional Facility",1
11/18/2020,Southwest,"Long Term Care Facilities",1
11/19/2020,Central,"Correctional Facility",1
11/19/2020,Central,"Long Term Care Facilities",1
11/19/2020,Eastern,"Long Term Care Facilities",1
11/19/2020,Northern,"Congregate Setting",3
11/19/2020,Northern,K-12,1
11/19/2020,Northern,"Long Term Care Facilities",4
11/19/2020,Northwest,"Congregate Setting",1
11/19/2020,Northwest,"Healthcare Setting",3
11/19/2020,Northwest,"Long Term Care Facilities",1
11/19/2020,Southwest,"Child Care",1
11/19/2020,Southwest,"Congregate Setting",2
11/19/2020,Southwest,"Long Term Care Facilities",1
11/20/2020,Central,"Congregate Setting",4
11/20/2020,Central,"Healthcare Setting",1
11/20/2020,Central,"Long Term Care Facilities",1
11/20/2020,Eastern,K-12,1
11/20/2020,Northern,"Congregate Setting",2
11/20/2020,Northwest,"Congregate Setting",1
11/20/2020,Northwest,K-12,1
11/21/2020,Eastern,K-12,1
11/21/2020,Eastern,"Long Term Care Facilities",1
11/21/2020,Northern,"Long Term Care Facilities",1
11/22/2020,Eastern,"Long Term Care Facilities",1
11/22/2020,Northwest,"Long Term Care Facilities",1
11/23/2020,Central,"Correctional Facility",1
11/23/2020,Central,K-12,1
11/23/2020,Eastern,"Long Term Care Facilities",2
11/23/2020,Northern,"Long Term Care Facilities",3
11/23/2020,Southwest,"Correctional Facility",1
11/24/2020,Central,"Child Care",1
11/24/2020,Central,"College / University",1
11/24/2020,Central,"Long Term Care Facilities",1
11/24/2020,Eastern,"Correctional Facility",1
11/24/2020,Eastern,K-12,1
11/24/2020,Northern,"Child Care",1
11/24/2020,Northern,"Congregate Setting",2
11/24/2020,Northern,"Long Term Care Facilities",3
11/24/2020,Northwest,"Long Term Care Facilities",2
11/24/2020,Southwest,"Long Term Care Facilities",3
11/25/2020,Central,"Congregate Setting",1
11/25/2020,Central,"Healthcare Setting",1
11/25/2020,Central,"Long Term Care Facilities",1
11/25/2020,Eastern,"Correctional Facility",1
11/25/2020,Eastern,"Healthcare Setting",1
11/25/2020,Eastern,"Long Term Care Facilities",1
11/25/2020,Northern,"Congregate Setting",2
11/25/2020,Northern,"Long Term Care Facilities",1
11/25/2020,Northwest,"Congregate Setting",1
11/25/2020,Southwest,"Long Term Care Facilities",1
11/26/2020,Northwest,"Long Term Care Facilities",1
11/27/2020,Central,"Long Term Care Facilities",4
11/27/2020,Northwest,"Long Term Care Facilities",1
11/27/2020,Southwest,"Long Term Care Facilities",1
11/28/2020,Central,"Child Care",1
11/28/2020,Eastern,K-12,1
11/30/2020,Central,"Congregate Setting",1
11/30/2020,Central,"Correctional Facility",1
11/30/2020,Central,"Long Term Care Facilities",1
11/30/2020,Eastern,"Congregate Setting",3
11/30/2020,Eastern,K-12,1
11/30/2020,Northern,"Congregate Setting",2
11/30/2020,Northern,K-12,1
11/30/2020,Northwest,"Congregate Setting",1
11/30/2020,Northwest,"Healthcare Setting",2
11/30/2020,Southwest,K-12,1
12/01/2020,Central,"Congregate Setting",1
12/01/2020,Central,"Healthcare Setting",4
12/01/2020,Eastern,"Congregate Setting",1
12/01/2020,Eastern,"Long Term Care Facilities",2
12/01/2020,Northern,"Child Care",1
12/01/2020,Northern,"Congregate Setting",3
12/01/2020,Northern,"Healthcare Setting",1
12/01/2020,Northern,"Long Term Care Facilities",2
12/01/2020,Northwest,"Congregate Setting",1
12/01/2020,Northwest,"Long Term Care Facilities",1
12/01/2020,Southwest,"Correctional Facility",1
12/01/2020,Southwest,"Long Term Care Facilities",2
12/02/2020,Central,"Correctional Facility",1
12/02/2020,Central,"Healthcare Setting",3
12/02/2020,Central,K-12,2
12/02/2020,Central,"Long Term Care Facilities",1
12/02/2020,Eastern,"Child Care",1
12/02/2020,Eastern,"College / University",1
12/02/2020,Eastern,"Congregate Setting",2
12/02/2020,Eastern,"Long Term Care Facilities",3
12/02/2020,Northern,"Congregate Setting",3
12/02/2020,Southwest,"Child Care",1
12/02/2020,Southwest,"Congregate Setting",1
12/02/2020,Southwest,"Long Term Care Facilities",1
12/03/2020,Central,"College / University",1
12/03/2020,Central,"Congregate Setting",1
12/03/2020,Central,"Correctional Facility",1
12/03/2020,Central,"Healthcare Setting",1
12/03/2020,Central,"Long Term Care Facilities",3
12/03/2020,Eastern,"Congregate Setting",1
12/03/2020,Northern,"Child Care",1
12/03/2020,Northern,"Congregate Setting",1
12/03/2020,Northern,K-12,1
12/03/2020,Northwest,"Healthcare Setting",1
12/03/2020,Northwest,K-12,1
12/03/2020,Northwest,"Long Term Care Facilities",3
12/04/2020,Central,"Congregate Setting",1
12/04/2020,Central,"Healthcare Setting",2
12/04/2020,Central,K-12,1
12/04/2020,Central,"Long Term Care Facilities",1
12/04/2020,Eastern,"Long Term Care Facilities",1
12/04/2020,Northern,"Child Care",2
12/04/2020,Northern,"Congregate Setting",1
12/04/2020,Northern,"Correctional Facility",1
12/04/2020,Northern,"Long Term Care Facilities",2
12/04/2020,Northwest,"Congregate Setting",1
12/04/2020,Northwest,"Correctional Facility",1
12/04/2020,Southwest,"Congregate Setting",1
12/05/2020,Central,K-12,1
12/05/2020,Central,"Long Term Care Facilities",2
12/05/2020,Northern,"Long Term Care Facilities",1
12/05/2020,Northwest,"Congregate Setting",1
12/05/2020,Northwest,"Healthcare Setting",1
12/06/2020,Central,"Healthcare Setting",1
12/06/2020,Northern,"Correctional Facility",1
12/07/2020,Central,"Congregate Setting",2
12/07/2020,Central,"Long Term Care Facilities",3
12/07/2020,Eastern,"Congregate Setting",2
12/07/2020,Eastern,K-12,1
12/07/2020,Northern,"Congregate Setting",4
12/07/2020,Northern,"Healthcare Setting",1
12/07/2020,Northern,K-12,1
12/07/2020,Northern,"Long Term Care Facilities",1
12/07/2020,Northwest,"Healthcare Setting",1
12/07/2020,Northwest,"Long Term Care Facilities",2
12/07/2020,Southwest,"Congregate Setting",1
12/07/2020,Southwest,"Long Term Care Facilities",1
12/08/2020,Central,"Congregate Setting",2
12/08/2020,Central,"Healthcare Setting",2
12/08/2020,Central,"Long Term Care Facilities",1
12/08/2020,Eastern,"Child Care",1
12/08/2020,Eastern,"Long Term Care Facilities",1
12/08/2020,Northern,"Congregate Setting",1
12/08/2020,Northern,"Long Term Care Facilities",3
12/08/2020,Northwest,"Healthcare Setting",1
12/08/2020,Northwest,"Long Term Care Facilities",2
12/08/2020,Southwest,"College / University",1
12/08/2020,Southwest,"Congregate Setting",2
12/08/2020,Southwest,K-12,1
12/08/2020,Southwest,"Long Term Care Facilities",2
12/09/2020,Central,"College / University",1
12/09/2020,Central,"Congregate Setting",2
12/09/2020,Central,"Healthcare Setting",1
12/09/2020,Central,"Long Term Care Facilities",1
12/09/2020,Eastern,"Correctional Facility",2
12/09/2020,Eastern,"Long Term Care Facilities",4
12/09/2020,Northwest,"Correctional Facility",1
12/09/2020,Northwest,"Long Term Care Facilities",1
12/09/2020,Southwest,"Congregate Setting",1
12/09/2020,Southwest,"Long Term Care Facilities",1
12/10/2020,Central,"Congregate Setting",2
12/10/2020,Central,"Long Term Care Facilities",4
12/10/2020,Eastern,"Congregate Setting",1
12/10/2020,Eastern,"Long Term Care Facilities",1
12/10/2020,Northern,"Long Term Care Facilities",1
12/10/2020,Northwest,"Long Term Care Facilities",1
12/10/2020,Southwest,"Long Term Care Facilities",2
12/11/2020,Central,"Congregate Setting",1
12/11/2020,Central,"Healthcare Setting",2
12/11/2020,Central,"Long Term Care Facilities",3
12/11/2020,Eastern,"Long Term Care Facilities",1
12/11/2020,Northern,"Congregate Setting",3
12/11/2020,Northern,"Long Term Care Facilities",5
12/11/2020,Northwest,"Congregate Setting",2
12/11/2020,Northwest,"Correctional Facility",1
12/11/2020,Northwest,"Healthcare Setting",1
12/11/2020,Southwest,"Congregate Setting",1
12/11/2020,Southwest,"Long Term Care Facilities",1
12/12/2020,Northern,"Long Term Care Facilities",1
12/12/2020,Northwest,"Long Term Care Facilities",3
12/13/2020,Eastern,"Child Care",2
12/13/2020,Eastern,"Long Term Care Facilities",1
12/13/2020,Northwest,"Long Term Care Facilities",2
12/14/2020,Central,"Long Term Care Facilities",3
12/14/2020,Eastern,"Long Term Care Facilities",1
12/14/2020,Northern,"Congregate Setting",2
12/14/2020,Northern,"Long Term Care Facilities",1
12/14/2020,Southwest,"Congregate Setting",1
12/14/2020,Southwest,"Correctional Facility",1
12/15/2020,Central,"Congregate Setting",3
12/15/2020,Central,"Long Term Care Facilities",2
12/15/2020,Eastern,"Child Care",1
12/15/2020,Northern,"Congregate Setting",1
12/15/2020,Northwest,"Congregate Setting",1
12/15/2020,Northwest,"Long Term Care Facilities",1
12/15/2020,Southwest,"Congregate Setting",1
12/15/2020,Southwest,"Correctional Facility",1
12/15/2020,Southwest,K-12,1
12/15/2020,Southwest,"Long Term Care Facilities",1
12/16/2020,Central,"College / University",1
12/16/2020,Central,"Congregate Setting",2
12/16/2020,Central,"Correctional Facility",1
12/16/2020,Central,"Healthcare Setting",3
12/16/2020,Central,K-12,1
12/16/2020,Central,"Long Term Care Facilities",1
12/16/2020,Eastern,"Congregate Setting",1
12/16/2020,Eastern,K-12,1
12/16/2020,Eastern,"Long Term Care Facilities",1
12/16/2020,Northern,"Congregate Setting",2
12/16/2020,Northern,K-12,1
12/16/2020,Northern,"Long Term Care Facilities",1
12/16/2020,Northwest,"Long Term Care Facilities",1
12/16/2020,Southwest,"Congregate Setting",1
12/16/2020,Southwest,"Long Term Care Facilities",1
12/17/2020,Central,"College / University",1
12/17/2020,Central,"Healthcare Setting",1
12/17/2020,Central,"Long Term Care Facilities",1
12/17/2020,Eastern,"Child Care",2
12/17/2020,Eastern,"Congregate Setting",1
12/17/2020,Eastern,"Long Term Care Facilities",6
12/17/2020,Northern,"Long Term Care Facilities",1
12/17/2020,Northwest,"Congregate Setting",1
12/17/2020,Northwest,"Long Term Care Facilities",1
12/17/2020,Southwest,"Congregate Setting",1
12/17/2020,Southwest,K-12,1
12/18/2020,Central,"Congregate Setting",4
12/18/2020,Central,"Healthcare Setting",2
12/18/2020,Central,K-12,1
12/18/2020,Central,"Long Term Care Facilities",1
12/18/2020,Eastern,"Child Care",1
12/18/2020,Eastern,"Congregate Setting",2
12/18/2020,Eastern,"Long Term Care Facilities",1
12/18/2020,Northern,"Child Care",2
12/18/2020,Northern,"Congregate Setting",2
12/18/2020,Northern,K-12,2
12/18/2020,Northwest,"Child Care",1
12/18/2020,Northwest,"Congregate Setting",6
12/18/2020,Northwest,"Healthcare Setting",1
12/18/2020,Northwest,"Long Term Care Facilities",2
12/18/2020,Southwest,"Correctional Facility",1
12/18/2020,Southwest,"Long Term Care Facilities",1
12/19/2020,Eastern,"Long Term Care Facilities",1
12/19/2020,Northwest,"Healthcare Setting",1
12/19/2020,Northwest,"Long Term Care Facilities",2
12/19/2020,Southwest,"Correctional Facility",1
12/20/2020,Central,"Long Term Care Facilities",1
12/21/2020,Central,"Congregate Setting",2
12/21/2020,Central,"Healthcare Setting",1
12/21/2020,Central,"Long Term Care Facilities",4
12/21/2020,Eastern,"Congregate Setting",3
12/21/2020,Eastern,"Correctional Facility",2
12/21/2020,Eastern,"Healthcare Setting",1
12/21/2020,Eastern,K-12,1
12/21/2020,Eastern,"Long Term Care Facilities",1
12/21/2020,Northern,"Congregate Setting",1
12/21/2020,Northwest,"Congregate Setting",1
12/21/2020,Northwest,"Correctional Facility",1
12/21/2020,Northwest,"Healthcare Setting",1
12/21/2020,Northwest,"Long Term Care Facilities",1
12/21/2020,Southwest,"Long Term Care Facilities",1
12/22/2020,Central,"Healthcare Setting",4
12/22/2020,Central,"Long Term Care Facilities",3
12/22/2020,Eastern,"Long Term Care Facilities",1
12/22/2020,Northern,"Child Care",1
12/22/2020,Northern,"Congregate Setting",3
12/22/2020,Northern,K-12,3
12/22/2020,Southwest,"Congregate Setting",1
12/22/2020,Southwest,"Healthcare Setting",1
12/22/2020,Southwest,"Long Term Care Facilities",1
12/23/2020,Central,"Congregate Setting",3
12/23/2020,Central,K-12,1
12/23/2020,Central,"Long Term Care Facilities",2
12/23/2020,Eastern,"Child Care",1
12/23/2020,Eastern,K-12,1
12/23/2020,Eastern,"Long Term Care Facilities",1
12/23/2020,Northern,"Child Care",1
12/23/2020,Northern,"Congregate Setting",1
12/23/2020,Northern,"Correctional Facility",1
12/23/2020,Northern,K-12,1
12/23/2020,Northern,"Long Term Care Facilities",1
12/23/2020,Northwest,"Correctional Facility",1
12/24/2020,Central,"Healthcare Setting",1
12/24/2020,Central,K-12,1
12/24/2020,Northern,"Long Term Care Facilities",3
12/24/2020,Southwest,"Long Term Care Facilities",1
12/26/2020,Central,"Congregate Setting",1
12/26/2020,Central,"Healthcare Setting",1
12/26/2020,Northwest,"Congregate Setting",1
12/28/2020,Central,"Correctional Facility",1
12/28/2020,Central,"Healthcare Setting",2
12/28/2020,Central,"Long Term Care Facilities",3
12/28/2020,Eastern,"Congregate Setting",1
12/28/2020,Eastern,"Healthcare Setting",1
12/28/2020,Northern,"College / University",1
12/28/2020,Northern,"Healthcare Setting",1
12/28/2020,Northern,"Long Term Care Facilities",2
12/28/2020,Northwest,"Long Term Care Facilities",5
12/28/2020,Southwest,"Congregate Setting",2
12/28/2020,Southwest,"Correctional Facility",3
12/28/2020,Southwest,"Long Term Care Facilities",1
12/29/2020,Central,"Child Care",1
12/29/2020,Central,"Congregate Setting",5
12/29/2020,Central,"Healthcare Setting",2
12/29/2020,Central,"Long Term Care Facilities",2
12/29/2020,Eastern,"Congregate Setting",2
12/29/2020,Eastern,"Long Term Care Facilities",1
12/29/2020,Northern,"Child Care",3
12/29/2020,Northern,"Congregate Setting",1
12/29/2020,Northern,"Long Term Care Facilities",2
12/29/2020,Northwest,"Long Term Care Facilities",2
12/29/2020,Southwest,"Correctional Facility",1
12/30/2020,Central,"Child Care",1
12/30/2020,Central,"Congregate Setting",5
12/30/2020,Central,"Correctional Facility",2
12/30/2020,Central,"Long Term Care Facilities",1
12/30/2020,Eastern,"Congregate Setting",1
12/30/2020,Eastern,K-12,1
12/30/2020,Northern,"Child Care",2
12/30/2020,Northern,"Congregate Setting",3
12/30/2020,Northern,K-12,1
12/30/2020,Northwest,"Long Term Care Facilities",1
12/30/2020,Southwest,"Congregate Setting",3
12/30/2020,Southwest,"Long Term Care Facilities",3
12/31/2020,Central,"Correctional Facility",1
12/31/2020,Central,"Healthcare Setting",6
12/31/2020,Central,"Long Term Care Facilities",1
12/31/2020,Eastern,"Long Term Care Facilities",1
12/31/2020,Northern,"Congregate Setting",1
12/31/2020,Northern,K-12,1
12/31/2020,Northwest,"Healthcare Setting",1
12/31/2020,Northwest,"Long Term Care Facilities",3
12/31/2020,Southwest,"Long Term Care Facilities",1
01/01/2021,Central,"Correctional Facility",1
01/01/2021,Eastern,"Correctional Facility",1
01/02/2021,Central,"Child Care",1
01/02/2021,Central,"Long Term Care Facilities",1
01/04/2021,Central,"Congregate Setting",1
01/04/2021,Central,"Correctional Facility",1
01/04/2021,Central,"Long Term Care Facilities",2
01/04/2021,Northern,"Long Term Care Facilities",1
01/04/2021,Northwest,"Healthcare Setting",2
01/04/2021,Southwest,"Correctional Facility",1
01/05/2021,Central,"Long Term Care Facilities",1
01/05/2021,Eastern,"Long Term Care Facilities",2
01/05/2021,Northern,"Child Care",1
01/05/2021,Northern,"Healthcare Setting",1
01/05/2021,Northwest,"Congregate Setting",1
01/05/2021,Northwest,"Long Term Care Facilities",1
01/05/2021,Southwest,"Congregate Setting",1
01/06/2021,Central,"Congregate Setting",2
01/06/2021,Central,"Correctional Facility",2
01/06/2021,Central,K-12,1
01/06/2021,Central,"Long Term Care Facilities",5
01/06/2021,Northern,"Congregate Setting",1
01/06/2021,Northern,"Correctional Facility",1
01/06/2021,Northwest,"Healthcare Setting",1
01/06/2021,Northwest,"Long Term Care Facilities",2
01/06/2021,Southwest,"Long Term Care Facilities",3
01/07/2021,Central,"Congregate Setting",4
01/07/2021,Central,"Correctional Facility",2
01/07/2021,Eastern,"Long Term Care Facilities",1
01/07/2021,Northern,"Child Care",2
01/07/2021,Northern,"Congregate Setting",1
01/07/2021,Northern,"Healthcare Setting",1
01/07/2021,Northern,K-12,1
01/07/2021,Northern,"Long Term Care Facilities",1
01/07/2021,Northwest,"Healthcare Setting",1
01/07/2021,Northwest,K-12,1
01/07/2021,Northwest,"Long Term Care Facilities",2
01/07/2021,Southwest,"Congregate Setting",2
01/07/2021,Southwest,K-12,1
01/07/2021,Southwest,"Long Term Care Facilities",1
01/08/2021,Central,"Congregate Setting",1
01/08/2021,Central,"Healthcare Setting",1
01/08/2021,Central,K-12,1
01/08/2021,Central,"Long Term Care Facilities",2
01/08/2021,Eastern,"Congregate Setting",1
01/08/2021,Eastern,"Healthcare Setting",1
01/08/2021,Northern,"Correctional Facility",1
01/08/2021,Northern,"Healthcare Setting",4
01/08/2021,Southwest,"Correctional Facility",1
01/08/2021,Southwest,K-12,1
01/08/2021,Southwest,"Long Term Care Facilities",1
01/09/2021,Eastern,"Long Term Care Facilities",2
01/09/2021,Southwest,"Long Term Care Facilities",1
01/10/2021,Central,"Long Term Care Facilities",1
01/10/2021,Southwest,"Congregate Setting",1
01/10/2021,Southwest,"Correctional Facility",1
01/11/2021,Central,"Congregate Setting",1
01/11/2021,Central,"Correctional Facility",1
01/11/2021,Central,"Healthcare Setting",1
01/11/2021,Central,"Long Term Care Facilities",5
01/11/2021,Eastern,"Congregate Setting",2
01/11/2021,Eastern,"Long Term Care Facilities",1
01/11/2021,Northern,"Child Care",1
01/11/2021,Northern,K-12,1
01/11/2021,Northern,"Long Term Care Facilities",1
01/11/2021,Northwest,"Congregate Setting",1
01/11/2021,Northwest,"Healthcare Setting",2
01/11/2021,Northwest,"Long Term Care Facilities",1
01/12/2021,Eastern,"Congregate Setting",2
01/12/2021,Eastern,"Long Term Care Facilities",1
01/12/2021,Northern,K-12,1
01/12/2021,Southwest,"Congregate Setting",1
01/13/2021,Central,"Congregate Setting",1
01/13/2021,Central,K-12,1
01/13/2021,Central,"Long Term Care Facilities",4
01/13/2021,Eastern,"Child Care",1
01/13/2021,Eastern,"Congregate Setting",1
01/13/2021,Eastern,"Long Term Care Facilities",1
01/13/2021,Northern,"Child Care",1
01/13/2021,Northern,"Congregate Setting",2
01/13/2021,Northern,"Correctional Facility",1
01/13/2021,Northern,"Long Term Care Facilities",1
01/13/2021,Northwest,"Child Care",1
01/13/2021,Northwest,"Congregate Setting",1
01/13/2021,Southwest,"Long Term Care Facilities",7
01/14/2021,Central,"Healthcare Setting",1
01/14/2021,Central,"Long Term Care Facilities",5
01/14/2021,Eastern,"Congregate Setting",1
01/14/2021,Northern,"Congregate Setting",2
01/14/2021,Northern,"Correctional Facility",1
01/14/2021,Northern,"Long Term Care Facilities",1
01/14/2021,Northwest,"Correctional Facility",1
01/15/2021,Central,"Child Care",1
01/15/2021,Central,"Congregate Setting",1
01/15/2021,Central,"Correctional Facility",1
01/15/2021,Central,K-12,1
01/15/2021,Central,"Long Term Care Facilities",1
01/15/2021,Eastern,"Child Care",1
01/15/2021,Northern,"Child Care",2
01/15/2021,Northern,"Congregate Setting",1
01/15/2021,Northern,K-12,1
01/15/2021,Northwest,"Child Care",1
01/15/2021,Southwest,"Long Term Care Facilities",1
01/16/2021,Central,"Long Term Care Facilities",1
01/16/2021,Eastern,"Congregate Setting",1
01/17/2021,Southwest,"Long Term Care Facilities",2
01/18/2021,Central,"Congregate Setting",2
01/18/2021,Central,"Long Term Care Facilities",1
01/18/2021,Eastern,"Child Care",1
01/18/2021,Eastern,"Congregate Setting",1
01/18/2021,Northern,"Congregate Setting",3
01/18/2021,Northern,"Long Term Care Facilities",1
01/18/2021,Southwest,"Healthcare Setting",1
01/18/2021,Southwest,"Long Term Care Facilities",1
01/19/2021,Central,"College / University",1
01/19/2021,Central,"Healthcare Setting",1
01/19/2021,Eastern,K-12,1
01/19/2021,Eastern,"Long Term Care Facilities",1
01/19/2021,Northwest,"Child Care",1
01/19/2021,Northwest,"Long Term Care Facilities",2
01/19/2021,Southwest,"Congregate Setting",1
01/19/2021,Southwest,"Long Term Care Facilities",1
01/20/2021,Central,"Congregate Setting",1
01/20/2021,Central,"Correctional Facility",1
01/20/2021,Central,"Long Term Care Facilities",2
01/20/2021,Eastern,"Congregate Setting",1
01/20/2021,Eastern,"Long Term Care Facilities",3
01/20/2021,Northern,"Congregate Setting",1
01/20/2021,Northwest,"Congregate Setting",2
01/20/2021,Northwest,"Correctional Facility",1
01/20/2021,Southwest,"Congregate Setting",1
01/21/2021,Central,"College / University",1
01/21/2021,Central,"Correctional Facility",1
01/21/2021,Central,"Long Term Care Facilities",3
01/21/2021,Eastern,"Congregate Setting",4
01/21/2021,Eastern,K-12,2
01/21/2021,Eastern,"Long Term Care Facilities",2
01/21/2021,Northern,"Congregate Setting",1
01/21/2021,Northwest,"Correctional Facility",1
01/21/2021,Northwest,"Long Term Care Facilities",3
01/21/2021,Southwest,"Congregate Setting",2
01/21/2021,Southwest,K-12,3
01/21/2021,Southwest,"Long Term Care Facilities",1
01/22/2021,Central,"Congregate Setting",3
01/22/2021,Central,"Healthcare Setting",1
01/22/2021,Central,"Long Term Care Facilities",2
01/22/2021,Eastern,K-12,2
01/22/2021,Eastern,"Long Term Care Facilities",1
01/22/2021,Northern,K-12,5
01/22/2021,Northern,"Long Term Care Facilities",5
01/22/2021,Northwest,"Long Term Care Facilities",2
01/22/2021,Southwest,"Congregate Setting",1
01/22/2021,Southwest,"Long Term Care Facilities",1
01/23/2021,Northern,"Congregate Setting",1
01/24/2021,Southwest,"Long Term Care Facilities",1
01/25/2021,Central,"Congregate Setting",1
01/25/2021,Central,"Healthcare Setting",1
01/25/2021,Central,"Long Term Care Facilities",1
01/25/2021,Eastern,"Congregate Setting",1
01/25/2021,Eastern,"Long Term Care Facilities",3
01/25/2021,Northern,"Child Care",1
01/25/2021,Northern,"Long Term Care Facilities",2
01/26/2021,Central,"Child Care",1
01/26/2021,Central,"Congregate Setting",3
01/26/2021,Central,"Long Term Care Facilities",1
01/26/2021,Eastern,"Congregate Setting",2
01/26/2021,Eastern,K-12,1
01/26/2021,Northern,"Child Care",1
01/26/2021,Northern,"Congregate Setting",3
01/26/2021,Northern,"Healthcare Setting",1
01/26/2021,Northern,K-12,3
01/26/2021,Northwest,"Long Term Care Facilities",2
01/26/2021,Southwest,"Congregate Setting",1
01/27/2021,Central,"Child Care",1
01/27/2021,Central,"Congregate Setting",5
01/27/2021,Central,"Long Term Care Facilities",1
01/27/2021,Northern,"Child Care",2
01/27/2021,Northern,"Congregate Setting",4
01/27/2021,Northern,K-12,3
01/27/2021,Northern,"Long Term Care Facilities",1
01/27/2021,Northwest,K-12,1
01/27/2021,Northwest,"Long Term Care Facilities",4
01/28/2021,Central,"Child Care",1
01/28/2021,Central,"Congregate Setting",4
01/28/2021,Central,"Healthcare Setting",2
01/28/2021,Eastern,"Child Care",1
01/28/2021,Eastern,"Congregate Setting",4
01/28/2021,Eastern,K-12,2
01/28/2021,Northern,"Child Care",1
01/28/2021,Northern,"Congregate Setting",1
01/28/2021,Northwest,"Congregate Setting",2
01/28/2021,Northwest,"Long Term Care Facilities",1
01/28/2021,Southwest,"Long Term Care Facilities",1
01/29/2021,Central,"Congregate Setting",1
01/29/2021,Eastern,K-12,1
01/29/2021,Northern,"Long Term Care Facilities",2
01/29/2021,Northwest,"Long Term Care Facilities",1
01/29/2021,Southwest,"Congregate Setting",2
01/29/2021,Southwest,K-12,1
01/30/2021,Central,"Congregate Setting",2
01/30/2021,Northern,"Long Term Care Facilities",1
01/31/2021,Southwest,K-12,2
02/01/2021,Central,"Congregate Setting",2
02/01/2021,Central,K-12,1
02/01/2021,Central,"Long Term Care Facilities",2
02/01/2021,Eastern,"Long Term Care Facilities",1
02/01/2021,Northern,K-12,2
02/01/2021,Northwest,"Healthcare Setting",1
02/01/2021,Northwest,K-12,1
02/01/2021,Southwest,"Congregate Setting",1
02/01/2021,Southwest,"Healthcare Setting",1
02/02/2021,Eastern,"Congregate Setting",1
02/02/2021,Eastern,"Long Term Care Facilities",1
02/02/2021,Northwest,"Congregate Setting",1
02/02/2021,Southwest,K-12,1
02/03/2021,Central,"College / University",2
02/03/2021,Central,"Congregate Setting",2
02/03/2021,Central,"Healthcare Setting",2
02/03/2021,Central,"Long Term Care Facilities",1
02/03/2021,Eastern,"Long Term Care Facilities",1
02/03/2021,Northern,"Congregate Setting",4
02/03/2021,Northwest,"Child Care",1
02/03/2021,Northwest,"College / University",1
02/03/2021,Southwest,"Congregate Setting",2
02/04/2021,Central,"Long Term Care Facilities",2
02/04/2021,Northern,"Congregate Setting",1
02/04/2021,Northern,K-12,1
02/04/2021,Northwest,"Congregate Setting",1
02/04/2021,Northwest,"Long Term Care Facilities",1