"Event Date","Health Planning Region","Case Status","Number of Cases","Number of Hospitalizations","Number of Deaths"
02/16/2020,Central,Confirmed,1,0,0
02/16/2020,Northern,Confirmed,1,1,0
02/17/2020,Northern,Confirmed,2,1,0
02/18/2020,Central,Confirmed,1,1,0
02/18/2020,Northern,Confirmed,1,0,0
02/18/2020,Northwest,Confirmed,1,0,0
02/19/2020,Central,Confirmed,1,0,0
02/20/2020,Central,Confirmed,1,0,0
02/20/2020,Northern,Confirmed,1,0,0
02/22/2020,Eastern,Confirmed,1,0,0
02/23/2020,Northern,Confirmed,2,0,0
02/24/2020,Central,Confirmed,1,0,0
02/24/2020,Eastern,Confirmed,3,0,0
02/24/2020,Northern,Confirmed,4,0,0
02/26/2020,Central,Confirmed,2,0,0
02/26/2020,Eastern,Confirmed,1,0,0
02/26/2020,Northwest,Confirmed,1,1,0
02/27/2020,Northern,Confirmed,1,0,0
02/27/2020,Southwest,Confirmed,2,0,0
02/28/2020,Eastern,Confirmed,1,0,0
02/28/2020,Northern,Confirmed,4,0,0
02/28/2020,Northwest,Confirmed,1,0,0
02/29/2020,Central,Confirmed,2,0,0
02/29/2020,Eastern,Confirmed,1,0,0
02/29/2020,Northern,Confirmed,1,0,0
02/29/2020,Northwest,Confirmed,1,0,0
02/29/2020,Southwest,Confirmed,1,0,0
03/01/2020,Central,Confirmed,2,0,0
03/01/2020,Eastern,Confirmed,5,0,0
03/01/2020,Northern,Confirmed,6,0,0
03/01/2020,Northwest,Confirmed,2,0,0
03/01/2020,Southwest,Confirmed,1,0,0
03/02/2020,Eastern,Confirmed,6,0,0
03/02/2020,Northern,Confirmed,7,0,0
03/02/2020,Northwest,Confirmed,1,0,0
03/02/2020,Southwest,Confirmed,1,0,0
03/03/2020,Central,Confirmed,2,0,0
03/03/2020,Eastern,Confirmed,3,0,0
03/03/2020,Northern,Confirmed,11,1,0
03/03/2020,Northwest,Confirmed,2,0,0
03/04/2020,Central,Confirmed,3,0,0
03/04/2020,Eastern,Confirmed,5,0,0
03/04/2020,Northern,Confirmed,9,0,0
03/04/2020,Northwest,Confirmed,3,0,0
03/04/2020,Southwest,Confirmed,1,0,0
03/05/2020,Eastern,Confirmed,7,0,0
03/05/2020,Northern,Confirmed,7,2,0
03/06/2020,Central,Confirmed,3,0,0
03/06/2020,Eastern,Confirmed,6,0,0
03/06/2020,Northern,Confirmed,15,0,0
03/06/2020,Northwest,Confirmed,1,1,0
03/07/2020,Central,Confirmed,3,0,0
03/07/2020,Eastern,Confirmed,6,0,0
03/07/2020,Northern,Confirmed,14,1,0
03/07/2020,Southwest,Confirmed,1,0,0
03/08/2020,Central,Confirmed,1,0,0
03/08/2020,Eastern,Confirmed,5,0,0
03/08/2020,Northern,Confirmed,10,2,0
03/08/2020,Northwest,Confirmed,4,0,0
03/08/2020,Southwest,Confirmed,1,0,0
03/09/2020,Central,Confirmed,6,0,0
03/09/2020,Eastern,Confirmed,11,2,0
03/09/2020,Northern,Confirmed,26,1,0
03/09/2020,Northwest,Confirmed,3,0,0
03/09/2020,Southwest,Confirmed,1,0,0
03/10/2020,Central,Confirmed,9,0,0
03/10/2020,Eastern,Confirmed,10,0,0
03/10/2020,Northern,Confirmed,37,3,0
03/10/2020,Northwest,Confirmed,5,0,0
03/10/2020,Southwest,Confirmed,6,0,0
03/11/2020,Central,Confirmed,9,0,0
03/11/2020,Eastern,Confirmed,19,2,0
03/11/2020,Northern,Confirmed,36,3,0
03/11/2020,Northwest,Confirmed,7,0,0
03/11/2020,Southwest,Confirmed,2,0,0
03/12/2020,Central,Confirmed,10,0,0
03/12/2020,Eastern,Confirmed,26,2,0
03/12/2020,Northern,Confirmed,47,2,0
03/12/2020,Northwest,Confirmed,12,1,0
03/12/2020,Southwest,Confirmed,5,0,0
03/13/2020,Central,Confirmed,12,2,0
03/13/2020,Eastern,Confirmed,31,2,0
03/13/2020,Northern,Confirmed,58,3,0
03/13/2020,Northwest,Confirmed,13,0,0
03/13/2020,Southwest,Confirmed,3,0,0
03/14/2020,Central,Confirmed,13,0,0
03/14/2020,Eastern,Confirmed,36,3,1
03/14/2020,Northern,Confirmed,74,3,0
03/14/2020,Northwest,Confirmed,12,0,0
03/14/2020,Southwest,Confirmed,4,0,0
03/15/2020,Central,Confirmed,10,2,0
03/15/2020,Eastern,Confirmed,28,4,1
03/15/2020,Northern,Confirmed,57,2,0
03/15/2020,Northwest,Confirmed,25,1,0
03/15/2020,Southwest,Confirmed,3,0,0
03/16/2020,Central,Confirmed,13,1,1
03/16/2020,Eastern,Confirmed,48,3,0
03/16/2020,Northern,Confirmed,110,6,0
03/16/2020,Northwest,Confirmed,22,1,0
03/16/2020,Southwest,Confirmed,6,2,0
03/17/2020,Central,Confirmed,32,1,0
03/17/2020,Eastern,Confirmed,52,6,0
03/17/2020,Northern,Confirmed,77,5,0
03/17/2020,Northwest,Confirmed,23,0,0
03/17/2020,Southwest,Confirmed,5,0,0
03/18/2020,Central,Confirmed,39,4,0
03/18/2020,Eastern,Confirmed,48,2,0
03/18/2020,Northern,Confirmed,97,6,0
03/18/2020,Northwest,Confirmed,19,2,0
03/18/2020,Southwest,Confirmed,7,2,0
03/19/2020,Central,Confirmed,34,2,0
03/19/2020,Eastern,Confirmed,43,4,0
03/19/2020,Northern,Confirmed,84,13,0
03/19/2020,Northwest,Confirmed,20,1,0
03/19/2020,Southwest,Confirmed,15,0,0
03/20/2020,Central,Confirmed,47,5,0
03/20/2020,Eastern,Confirmed,40,7,1
03/20/2020,Northern,Confirmed,97,5,0
03/20/2020,Northwest,Confirmed,19,1,0
03/20/2020,Southwest,Confirmed,18,1,0
03/21/2020,Central,Confirmed,20,3,0
03/21/2020,Eastern,Confirmed,40,7,4
03/21/2020,Northern,Confirmed,87,10,1
03/21/2020,Northwest,Confirmed,25,4,0
03/21/2020,Southwest,Confirmed,12,3,0
03/22/2020,Central,Confirmed,16,4,2
03/22/2020,Eastern,Confirmed,25,9,1
03/22/2020,Northern,Confirmed,106,9,0
03/22/2020,Northwest,Confirmed,22,5,0
03/22/2020,Southwest,Confirmed,5,0,0
03/23/2020,Central,Confirmed,49,13,1
03/23/2020,Eastern,Confirmed,52,6,0
03/23/2020,Northern,Confirmed,111,19,0
03/23/2020,Northwest,Confirmed,30,4,0
03/23/2020,Southwest,Confirmed,12,1,0
03/24/2020,Central,Confirmed,53,9,2
03/24/2020,Eastern,Confirmed,41,13,0
03/24/2020,Northern,Confirmed,109,26,2
03/24/2020,Northwest,Confirmed,20,6,0
03/24/2020,Southwest,Confirmed,15,1,0
03/25/2020,Central,Confirmed,51,11,0
03/25/2020,Central,Probable,0,0,1
03/25/2020,Eastern,Confirmed,48,17,1
03/25/2020,Northern,Confirmed,111,21,1
03/25/2020,Northwest,Confirmed,33,9,0
03/25/2020,Southwest,Confirmed,9,1,1
03/26/2020,Central,Confirmed,61,12,3
03/26/2020,Eastern,Confirmed,37,10,0
03/26/2020,Northern,Confirmed,129,22,1
03/26/2020,Northwest,Confirmed,29,5,0
03/26/2020,Southwest,Confirmed,12,3,0
03/27/2020,Central,Confirmed,56,11,4
03/27/2020,Central,Probable,0,0,2
03/27/2020,Eastern,Confirmed,34,15,2
03/27/2020,Northern,Confirmed,125,22,3
03/27/2020,Northwest,Confirmed,40,8,0
03/27/2020,Southwest,Confirmed,16,3,0
03/28/2020,Central,Confirmed,45,10,1
03/28/2020,Eastern,Confirmed,35,22,1
03/28/2020,Northern,Confirmed,111,22,1
03/28/2020,Northwest,Confirmed,28,10,1
03/28/2020,Southwest,Confirmed,12,4,2
03/29/2020,Central,Confirmed,44,14,2
03/29/2020,Eastern,Confirmed,27,19,1
03/29/2020,Northern,Confirmed,93,26,4
03/29/2020,Northwest,Confirmed,22,6,1
03/29/2020,Southwest,Confirmed,11,6,0
03/30/2020,Central,Confirmed,133,10,3
03/30/2020,Eastern,Confirmed,46,16,2
03/30/2020,Eastern,Probable,0,0,1
03/30/2020,Northern,Confirmed,174,34,2
03/30/2020,Northwest,Confirmed,37,7,0
03/30/2020,Southwest,Confirmed,17,5,0
03/31/2020,Central,Confirmed,90,12,5
03/31/2020,Eastern,Confirmed,49,11,1
03/31/2020,Northern,Confirmed,125,30,3
03/31/2020,Northwest,Confirmed,36,5,1
03/31/2020,Southwest,Confirmed,8,4,0
04/01/2020,Central,Confirmed,81,15,8
04/01/2020,Eastern,Confirmed,35,17,1
04/01/2020,Northern,Confirmed,167,28,0
04/01/2020,Northwest,Confirmed,46,8,1
04/01/2020,Southwest,Confirmed,16,4,0
04/02/2020,Central,Confirmed,48,12,7
04/02/2020,Eastern,Confirmed,35,11,1
04/02/2020,Eastern,Probable,0,0,1
04/02/2020,Northern,Confirmed,192,30,3
04/02/2020,Northwest,Confirmed,51,5,0
04/02/2020,Southwest,Confirmed,13,2,0
04/03/2020,Central,Confirmed,61,11,4
04/03/2020,Eastern,Confirmed,42,16,0
04/03/2020,Northern,Confirmed,189,32,5
04/03/2020,Northwest,Confirmed,43,8,1
04/03/2020,Southwest,Confirmed,19,4,0
04/04/2020,Central,Confirmed,56,11,8
04/04/2020,Eastern,Confirmed,30,8,0
04/04/2020,Northern,Confirmed,181,33,1
04/04/2020,Northwest,Confirmed,40,9,0
04/04/2020,Southwest,Confirmed,17,3,1
04/05/2020,Central,Confirmed,75,10,7
04/05/2020,Central,Probable,1,0,0
04/05/2020,Eastern,Confirmed,17,8,3
04/05/2020,Eastern,Probable,3,0,0
04/05/2020,Northern,Confirmed,164,39,3
04/05/2020,Northern,Probable,17,0,0
04/05/2020,Northwest,Confirmed,49,5,0
04/05/2020,Northwest,Probable,7,0,0
04/05/2020,Southwest,Confirmed,13,3,0
04/06/2020,Central,Confirmed,95,18,8
04/06/2020,Central,Probable,5,0,0
04/06/2020,Eastern,Confirmed,40,10,2
04/06/2020,Eastern,Probable,9,0,0
04/06/2020,Northern,Confirmed,273,51,5
04/06/2020,Northern,Probable,24,0,2
04/06/2020,Northwest,Confirmed,66,10,0
04/06/2020,Northwest,Probable,9,0,0
04/06/2020,Southwest,Confirmed,24,9,2
04/06/2020,Southwest,Probable,1,0,0
04/07/2020,Central,Confirmed,91,23,8
04/07/2020,Central,Probable,2,0,1
04/07/2020,Eastern,Confirmed,39,9,1
04/07/2020,Northern,Confirmed,235,30,6
04/07/2020,Northern,Probable,11,0,0
04/07/2020,Northwest,Confirmed,52,9,2
04/07/2020,Northwest,Probable,10,1,0
04/07/2020,Southwest,Confirmed,17,3,0
04/08/2020,Central,Confirmed,119,17,2
04/08/2020,Central,Probable,2,0,1
04/08/2020,Eastern,Confirmed,37,6,4
04/08/2020,Eastern,Probable,7,0,0
04/08/2020,Northern,Confirmed,223,34,8
04/08/2020,Northern,Probable,20,1,2
04/08/2020,Northwest,Confirmed,63,10,0
04/08/2020,Northwest,Probable,12,0,0
04/08/2020,Southwest,Confirmed,12,3,1
04/09/2020,Central,Confirmed,81,15,10
04/09/2020,Central,Probable,1,0,0
04/09/2020,Eastern,Confirmed,41,18,2
04/09/2020,Eastern,Probable,7,0,0
04/09/2020,Northern,Confirmed,234,45,4
04/09/2020,Northern,Probable,14,1,2
04/09/2020,Northwest,Confirmed,63,9,0
04/09/2020,Northwest,Probable,5,0,0
04/09/2020,Southwest,Confirmed,16,4,0
04/10/2020,Central,Confirmed,102,13,7
04/10/2020,Central,Probable,2,0,1
04/10/2020,Eastern,Confirmed,73,9,2
04/10/2020,Eastern,Probable,6,0,0
04/10/2020,Northern,Confirmed,268,40,8
04/10/2020,Northern,Probable,26,0,0
04/10/2020,Northwest,Confirmed,95,8,2
04/10/2020,Northwest,Probable,12,0,0
04/10/2020,Southwest,Confirmed,10,1,2
04/10/2020,Southwest,Probable,1,0,0
04/11/2020,Central,Confirmed,55,17,7
04/11/2020,Central,Probable,2,0,0
04/11/2020,Eastern,Confirmed,31,8,1
04/11/2020,Eastern,Probable,4,0,0
04/11/2020,Northern,Confirmed,216,34,4
04/11/2020,Northern,Probable,16,0,1
04/11/2020,Northwest,Confirmed,68,3,2
04/11/2020,Northwest,Probable,8,0,0
04/11/2020,Southwest,Confirmed,15,3,1
04/11/2020,Southwest,Probable,2,0,0
04/12/2020,Central,Confirmed,66,18,9
04/12/2020,Central,Probable,0,0,1
04/12/2020,Eastern,Confirmed,32,7,4
04/12/2020,Eastern,Probable,4,0,0
04/12/2020,Northern,Confirmed,232,47,11
04/12/2020,Northern,Probable,21,0,1
04/12/2020,Northwest,Confirmed,85,7,1
04/12/2020,Northwest,Probable,8,0,0
04/12/2020,Southwest,Confirmed,13,1,1
04/12/2020,Southwest,Probable,1,0,0
04/13/2020,Central,Confirmed,90,13,9
04/13/2020,Central,Probable,4,0,0
04/13/2020,Eastern,Confirmed,89,12,3
04/13/2020,Eastern,Probable,4,0,0
04/13/2020,Northern,Confirmed,380,61,11
04/13/2020,Northern,Probable,33,1,4
04/13/2020,Northwest,Confirmed,96,16,3
04/13/2020,Northwest,Probable,13,0,0
04/13/2020,Southwest,Confirmed,11,2,1
04/14/2020,Central,Confirmed,84,8,10
04/14/2020,Central,Probable,3,0,0
04/14/2020,Eastern,Confirmed,48,4,2
04/14/2020,Eastern,Probable,1,0,0
04/14/2020,Northern,Confirmed,294,45,14
04/14/2020,Northern,Probable,27,0,1
04/14/2020,Northwest,Confirmed,94,11,3
04/14/2020,Northwest,Probable,6,0,0
04/14/2020,Southwest,Confirmed,18,3,0
04/14/2020,Southwest,Probable,1,0,0
04/15/2020,Central,Confirmed,74,18,11
04/15/2020,Central,Probable,2,0,0
04/15/2020,Eastern,Confirmed,45,10,3
04/15/2020,Eastern,Probable,3,0,0
04/15/2020,Northern,Confirmed,331,54,14
04/15/2020,Northern,Probable,14,0,0
04/15/2020,Northwest,Confirmed,81,7,0
04/15/2020,Northwest,Probable,9,0,0
04/15/2020,Southwest,Confirmed,16,3,1
04/15/2020,Southwest,Probable,1,0,1
04/16/2020,Central,Confirmed,113,15,13
04/16/2020,Eastern,Confirmed,71,7,4
04/16/2020,Eastern,Probable,2,0,0
04/16/2020,Northern,Confirmed,367,46,14
04/16/2020,Northern,Probable,14,1,0
04/16/2020,Northwest,Confirmed,62,8,0
04/16/2020,Northwest,Probable,8,0,0
04/16/2020,Southwest,Confirmed,15,2,1
04/17/2020,Central,Confirmed,86,7,12
04/17/2020,Central,Probable,1,0,0
04/17/2020,Eastern,Confirmed,157,8,4
04/17/2020,Eastern,Probable,7,0,0
04/17/2020,Northern,Confirmed,351,49,13
04/17/2020,Northern,Probable,28,2,2
04/17/2020,Northwest,Confirmed,85,5,3
04/17/2020,Northwest,Probable,5,0,0
04/17/2020,Southwest,Confirmed,13,3,1
04/18/2020,Central,Confirmed,47,7,5
04/18/2020,Eastern,Confirmed,61,7,4
04/18/2020,Eastern,Probable,2,0,0
04/18/2020,Northern,Confirmed,253,47,13
04/18/2020,Northern,Probable,13,1,0
04/18/2020,Northwest,Confirmed,56,12,5
04/18/2020,Northwest,Probable,6,0,0
04/18/2020,Southwest,Confirmed,18,1,0
04/19/2020,Central,Confirmed,41,8,7
04/19/2020,Central,Probable,1,0,1
04/19/2020,Eastern,Confirmed,80,6,2
04/19/2020,Northern,Confirmed,276,53,25
04/19/2020,Northern,Probable,13,0,0
04/19/2020,Northwest,Confirmed,63,5,3
04/19/2020,Northwest,Probable,14,0,0
04/19/2020,Southwest,Confirmed,15,2,1
04/19/2020,Southwest,Probable,1,0,1
04/20/2020,Central,Confirmed,90,17,2
04/20/2020,Central,Probable,0,1,0
04/20/2020,Eastern,Confirmed,174,7,2
04/20/2020,Eastern,Probable,3,0,0
04/20/2020,Northern,Confirmed,489,66,17
04/20/2020,Northern,Probable,38,0,4
04/20/2020,Northwest,Confirmed,95,9,0
04/20/2020,Northwest,Probable,22,0,2
04/20/2020,Southwest,Confirmed,34,1,0
04/20/2020,Southwest,Probable,1,0,0
04/21/2020,Central,Confirmed,70,6,5
04/21/2020,Central,Probable,0,0,1
04/21/2020,Eastern,Confirmed,102,8,1
04/21/2020,Eastern,Probable,2,0,2
04/21/2020,Northern,Confirmed,405,71,21
04/21/2020,Northern,Probable,20,0,0
04/21/2020,Northwest,Confirmed,74,25,3
04/21/2020,Northwest,Probable,12,0,0
04/21/2020,Southwest,Confirmed,19,5,0
04/21/2020,Southwest,Probable,1,0,0
04/22/2020,Central,Confirmed,108,11,5
04/22/2020,Central,Probable,2,0,0
04/22/2020,Eastern,Confirmed,90,10,4
04/22/2020,Eastern,Probable,7,0,0
04/22/2020,Northern,Confirmed,419,57,16
04/22/2020,Northern,Probable,21,0,1
04/22/2020,Northwest,Confirmed,183,7,3
04/22/2020,Northwest,Probable,12,0,0
04/22/2020,Southwest,Confirmed,22,0,1
04/23/2020,Central,Confirmed,104,8,11
04/23/2020,Central,Probable,1,0,0
04/23/2020,Eastern,Confirmed,116,13,2
04/23/2020,Eastern,Probable,3,0,0
04/23/2020,Northern,Confirmed,424,50,8
04/23/2020,Northern,Probable,29,0,4
04/23/2020,Northwest,Confirmed,89,5,3
04/23/2020,Northwest,Probable,8,0,0
04/23/2020,Southwest,Confirmed,40,1,2
04/24/2020,Central,Confirmed,99,2,5
04/24/2020,Eastern,Confirmed,135,13,4
04/24/2020,Eastern,Probable,4,0,0
04/24/2020,Northern,Confirmed,542,62,19
04/24/2020,Northern,Probable,21,0,2
04/24/2020,Northwest,Confirmed,92,10,5
04/24/2020,Northwest,Probable,19,0,0
04/24/2020,Southwest,Confirmed,26,1,3
04/25/2020,Central,Confirmed,58,7,5
04/25/2020,Central,Probable,2,0,0
04/25/2020,Eastern,Confirmed,109,10,3
04/25/2020,Eastern,Probable,5,0,0
04/25/2020,Northern,Confirmed,362,40,17
04/25/2020,Northern,Probable,19,0,3
04/25/2020,Northwest,Confirmed,70,2,3
04/25/2020,Northwest,Probable,15,0,0
04/25/2020,Southwest,Confirmed,19,2,1
04/26/2020,Central,Confirmed,90,5,7
04/26/2020,Central,Probable,1,0,0
04/26/2020,Eastern,Confirmed,65,7,6
04/26/2020,Eastern,Probable,1,0,0
04/26/2020,Northern,Confirmed,376,67,14
04/26/2020,Northern,Probable,14,0,5
04/26/2020,Northwest,Confirmed,81,6,0
04/26/2020,Northwest,Probable,16,0,0
04/26/2020,Southwest,Confirmed,68,3,0
04/27/2020,Central,Confirmed,97,21,8
04/27/2020,Central,Probable,4,0,1
04/27/2020,Eastern,Confirmed,108,5,6
04/27/2020,Eastern,Probable,1,0,1
04/27/2020,Northern,Confirmed,593,67,12
04/27/2020,Northern,Probable,23,0,1
04/27/2020,Northwest,Confirmed,123,12,3
04/27/2020,Northwest,Probable,10,0,0
04/27/2020,Southwest,Confirmed,22,4,1
04/27/2020,Southwest,Probable,1,0,0
04/28/2020,Central,Confirmed,118,9,2
04/28/2020,Eastern,Confirmed,79,12,3
04/28/2020,Eastern,Probable,4,0,0
04/28/2020,Northern,Confirmed,497,53,20
04/28/2020,Northern,Probable,24,0,2
04/28/2020,Northwest,Confirmed,131,10,2
04/28/2020,Northwest,Probable,12,0,0
04/28/2020,Southwest,Confirmed,14,2,2
04/28/2020,Southwest,Probable,1,0,0
04/29/2020,Central,Confirmed,196,3,7
04/29/2020,Central,Probable,3,0,1
04/29/2020,Eastern,Confirmed,75,15,6
04/29/2020,Eastern,Probable,5,0,0
04/29/2020,Northern,Confirmed,476,63,18
04/29/2020,Northern,Probable,20,0,3
04/29/2020,Northwest,Confirmed,91,4,4
04/29/2020,Northwest,Probable,12,0,0
04/29/2020,Southwest,Confirmed,28,3,1
04/30/2020,Central,Confirmed,102,5,7
04/30/2020,Central,Probable,2,0,1
04/30/2020,Eastern,Confirmed,143,13,6
04/30/2020,Eastern,Probable,6,0,0
04/30/2020,Northern,Confirmed,538,60,21
04/30/2020,Northern,Probable,36,0,2
04/30/2020,Northwest,Confirmed,91,7,3
04/30/2020,Northwest,Probable,13,0,0
04/30/2020,Southwest,Confirmed,23,3,4
04/30/2020,Southwest,Probable,1,0,0
05/01/2020,Central,Confirmed,177,14,3
05/01/2020,Eastern,Confirmed,117,15,4
05/01/2020,Eastern,Probable,3,0,0
05/01/2020,Northern,Confirmed,737,74,16
05/01/2020,Northern,Probable,36,0,0
05/01/2020,Northwest,Confirmed,133,14,3
05/01/2020,Northwest,Probable,17,0,1
05/01/2020,Southwest,Confirmed,35,3,3
05/01/2020,Southwest,Probable,1,0,0
05/02/2020,Central,Confirmed,101,10,7
05/02/2020,Central,Probable,2,0,0
05/02/2020,Eastern,Confirmed,78,7,7
05/02/2020,Eastern,Probable,2,0,1
05/02/2020,Northern,Confirmed,405,57,25
05/02/2020,Northern,Probable,16,3,2
05/02/2020,Northwest,Confirmed,121,6,4
05/02/2020,Northwest,Probable,14,0,0
05/02/2020,Southwest,Confirmed,15,4,0
05/03/2020,Central,Confirmed,95,12,2
05/03/2020,Central,Probable,0,0,1
05/03/2020,Eastern,Confirmed,40,9,4
05/03/2020,Eastern,Probable,2,0,0
05/03/2020,Northern,Confirmed,361,68,17
05/03/2020,Northern,Probable,10,0,1
05/03/2020,Northwest,Confirmed,104,16,5
05/03/2020,Northwest,Probable,9,0,0
05/03/2020,Southwest,Confirmed,17,1,3
05/04/2020,Central,Confirmed,157,9,4
05/04/2020,Central,Probable,1,0,0
05/04/2020,Eastern,Confirmed,132,12,5
05/04/2020,Eastern,Probable,2,0,0
05/04/2020,Northern,Confirmed,646,80,12
05/04/2020,Northern,Probable,32,0,1
05/04/2020,Northwest,Confirmed,113,14,6
05/04/2020,Northwest,Probable,8,0,1
05/04/2020,Southwest,Confirmed,22,4,1
05/04/2020,Southwest,Probable,1,1,0
05/05/2020,Central,Confirmed,115,11,6
05/05/2020,Central,Probable,0,0,1
05/05/2020,Eastern,Confirmed,157,8,8
05/05/2020,Eastern,Probable,5,0,1
05/05/2020,Northern,Confirmed,540,61,28
05/05/2020,Northern,Probable,22,0,0
05/05/2020,Northwest,Confirmed,104,9,5
05/05/2020,Northwest,Probable,11,0,1
05/05/2020,Southwest,Confirmed,25,2,1
05/06/2020,Central,Confirmed,184,10,3
05/06/2020,Central,Probable,1,0,0
05/06/2020,Eastern,Confirmed,309,9,5
05/06/2020,Eastern,Probable,9,0,0
05/06/2020,Northern,Confirmed,604,66,13
05/06/2020,Northern,Probable,20,0,1
05/06/2020,Northwest,Confirmed,68,10,4
05/06/2020,Northwest,Probable,12,0,0
05/06/2020,Southwest,Confirmed,23,1,1
05/07/2020,Central,Confirmed,116,9,5
05/07/2020,Central,Probable,4,0,0
05/07/2020,Eastern,Confirmed,130,5,6
05/07/2020,Eastern,Probable,6,0,1
05/07/2020,Northern,Confirmed,514,50,26
05/07/2020,Northern,Probable,14,1,0
05/07/2020,Northwest,Confirmed,96,10,6
05/07/2020,Northwest,Probable,5,0,0
05/07/2020,Southwest,Confirmed,33,0,0
05/08/2020,Central,Confirmed,130,14,7
05/08/2020,Central,Probable,1,0,0
05/08/2020,Eastern,Confirmed,83,5,3
05/08/2020,Eastern,Probable,3,1,0
05/08/2020,Northern,Confirmed,643,53,15
05/08/2020,Northern,Probable,10,1,3
05/08/2020,Northwest,Confirmed,123,12,3
05/08/2020,Northwest,Probable,14,0,0
05/08/2020,Southwest,Confirmed,27,2,2
05/08/2020,Southwest,Probable,1,0,0
05/09/2020,Central,Confirmed,83,7,1
05/09/2020,Central,Probable,1,0,0
05/09/2020,Eastern,Confirmed,73,5,6
05/09/2020,Eastern,Probable,1,0,0
05/09/2020,Northern,Confirmed,364,50,15
05/09/2020,Northern,Probable,11,1,3
05/09/2020,Northwest,Confirmed,107,14,3
05/09/2020,Northwest,Probable,12,0,1
05/09/2020,Southwest,Confirmed,18,1,0
05/10/2020,Central,Confirmed,117,6,3
05/10/2020,Eastern,Confirmed,42,9,3
05/10/2020,Eastern,Probable,1,0,0
05/10/2020,Northern,Confirmed,415,43,20
05/10/2020,Northern,Probable,11,0,0
05/10/2020,Northwest,Confirmed,108,9,3
05/10/2020,Northwest,Probable,12,0,1
05/10/2020,Southwest,Confirmed,17,4,0
05/10/2020,Southwest,Probable,1,0,0
05/11/2020,Central,Confirmed,153,12,5
05/11/2020,Eastern,Confirmed,70,7,4
05/11/2020,Eastern,Probable,4,0,0
05/11/2020,Northern,Confirmed,684,67,28
05/11/2020,Northern,Probable,19,1,1
05/11/2020,Northwest,Confirmed,120,12,5
05/11/2020,Northwest,Probable,8,0,0
05/11/2020,Southwest,Confirmed,18,2,2
05/11/2020,Southwest,Probable,1,0,0
05/12/2020,Central,Confirmed,218,9,1
05/12/2020,Central,Probable,2,0,1
05/12/2020,Eastern,Confirmed,128,6,4
05/12/2020,Eastern,Probable,3,0,0
05/12/2020,Northern,Confirmed,557,55,15
05/12/2020,Northern,Probable,13,2,0
05/12/2020,Northwest,Confirmed,122,8,1
05/12/2020,Northwest,Probable,16,1,0
05/12/2020,Southwest,Confirmed,46,1,1
05/12/2020,Southwest,Probable,1,0,0
05/13/2020,Central,Confirmed,180,6,6
05/13/2020,Central,Probable,0,0,2
05/13/2020,Eastern,Confirmed,87,7,4
05/13/2020,Northern,Confirmed,564,46,7
05/13/2020,Northern,Probable,20,0,3
05/13/2020,Northwest,Confirmed,118,4,1
05/13/2020,Northwest,Probable,6,0,0
05/13/2020,Southwest,Confirmed,27,2,0
05/13/2020,Southwest,Probable,1,0,0
05/14/2020,Central,Confirmed,144,12,2
05/14/2020,Central,Probable,4,0,0
05/14/2020,Eastern,Confirmed,80,5,3
05/14/2020,Eastern,Probable,5,0,0
05/14/2020,Northern,Confirmed,550,50,12
05/14/2020,Northern,Probable,11,1,3
05/14/2020,Northwest,Confirmed,110,7,0
05/14/2020,Northwest,Probable,3,0,0
05/14/2020,Southwest,Confirmed,37,0,0
05/15/2020,Central,Confirmed,183,10,5
05/15/2020,Central,Probable,2,0,0
05/15/2020,Eastern,Confirmed,59,5,4
05/15/2020,Northern,Confirmed,642,51,14
05/15/2020,Northern,Probable,18,0,0
05/15/2020,Northwest,Confirmed,169,9,3
05/15/2020,Northwest,Probable,15,1,0
05/15/2020,Southwest,Confirmed,38,1,1
05/16/2020,Central,Confirmed,129,5,4
05/16/2020,Central,Probable,2,0,0
05/16/2020,Eastern,Confirmed,70,3,4
05/16/2020,Eastern,Probable,2,0,0
05/16/2020,Northern,Confirmed,448,39,15
05/16/2020,Northern,Probable,13,0,0
05/16/2020,Northwest,Confirmed,143,7,4
05/16/2020,Northwest,Probable,8,0,0
05/16/2020,Southwest,Confirmed,17,3,0
05/16/2020,Southwest,Probable,1,0,0
05/17/2020,Central,Confirmed,116,9,4
05/17/2020,Eastern,Confirmed,44,10,3
05/17/2020,Eastern,Probable,1,0,0
05/17/2020,Northern,Confirmed,379,47,18
05/17/2020,Northern,Probable,12,0,0
05/17/2020,Northwest,Confirmed,102,12,2
05/17/2020,Northwest,Probable,19,0,0
05/17/2020,Southwest,Confirmed,24,3,0
05/17/2020,Southwest,Probable,1,0,0
05/18/2020,Central,Confirmed,257,10,4
05/18/2020,Central,Probable,1,0,0
05/18/2020,Eastern,Confirmed,108,7,2
05/18/2020,Eastern,Probable,7,0,1
05/18/2020,Northern,Confirmed,693,40,17
05/18/2020,Northern,Probable,16,0,1
05/18/2020,Northwest,Confirmed,182,14,0
05/18/2020,Northwest,Probable,22,0,0
05/18/2020,Southwest,Confirmed,47,5,1
05/19/2020,Central,Confirmed,220,9,4
05/19/2020,Central,Probable,3,0,0
05/19/2020,Eastern,Confirmed,68,11,4
05/19/2020,Eastern,Probable,1,0,0
05/19/2020,Northern,Confirmed,574,32,16
05/19/2020,Northern,Probable,11,0,1
05/19/2020,Northwest,Confirmed,111,17,2
05/19/2020,Northwest,Probable,14,0,0
05/19/2020,Southwest,Confirmed,25,3,0
05/19/2020,Southwest,Probable,3,0,0
05/20/2020,Central,Confirmed,256,17,4
05/20/2020,Central,Probable,2,0,0
05/20/2020,Eastern,Confirmed,90,3,0
05/20/2020,Northern,Confirmed,592,41,12
05/20/2020,Northern,Probable,19,1,0
05/20/2020,Northwest,Confirmed,113,4,4
05/20/2020,Northwest,Probable,13,0,1
05/20/2020,Southwest,Confirmed,64,5,3
05/20/2020,Southwest,Probable,7,0,0
05/21/2020,Central,Confirmed,404,8,3
05/21/2020,Central,Probable,2,0,0
05/21/2020,Eastern,Confirmed,61,9,0
05/21/2020,Eastern,Probable,3,0,0
05/21/2020,Northern,Confirmed,469,41,14
05/21/2020,Northern,Probable,7,0,1
05/21/2020,Northwest,Confirmed,95,6,2
05/21/2020,Northwest,Probable,12,0,0
05/21/2020,Southwest,Confirmed,29,2,0
05/21/2020,Southwest,Probable,1,0,0
05/22/2020,Central,Confirmed,199,12,4
05/22/2020,Central,Probable,3,0,0
05/22/2020,Eastern,Confirmed,66,7,3
05/22/2020,Eastern,Probable,1,0,0
05/22/2020,Northern,Confirmed,462,48,12
05/22/2020,Northern,Probable,16,0,2
05/22/2020,Northwest,Confirmed,118,11,1
05/22/2020,Northwest,Probable,11,0,1
05/22/2020,Southwest,Confirmed,43,6,2
05/23/2020,Central,Confirmed,119,11,4
05/23/2020,Central,Probable,1,0,0
05/23/2020,Eastern,Confirmed,52,5,1
05/23/2020,Eastern,Probable,1,0,0
05/23/2020,Northern,Confirmed,334,43,12
05/23/2020,Northern,Probable,2,0,3
05/23/2020,Northwest,Confirmed,121,10,2
05/23/2020,Northwest,Probable,10,0,0
05/23/2020,Southwest,Confirmed,58,10,1
05/23/2020,Southwest,Probable,1,0,0
05/24/2020,Central,Confirmed,165,4,6
05/24/2020,Central,Probable,4,0,0
05/24/2020,Eastern,Confirmed,37,4,1
05/24/2020,Eastern,Probable,8,0,0
05/24/2020,Northern,Confirmed,300,40,18
05/24/2020,Northern,Probable,7,0,2
05/24/2020,Northwest,Confirmed,93,11,1
05/24/2020,Northwest,Probable,14,0,0
05/24/2020,Southwest,Confirmed,20,1,1
05/24/2020,Southwest,Probable,2,0,0
05/25/2020,Central,Confirmed,124,20,3
05/25/2020,Central,Probable,4,0,0
05/25/2020,Eastern,Confirmed,66,8,2
05/25/2020,Eastern,Probable,4,1,0
05/25/2020,Northern,Confirmed,397,33,4
05/25/2020,Northern,Probable,15,0,0
05/25/2020,Northwest,Confirmed,88,7,1
05/25/2020,Northwest,Probable,14,0,0
05/25/2020,Southwest,Confirmed,26,7,0
05/26/2020,Central,Confirmed,192,11,2
05/26/2020,Eastern,Confirmed,87,2,2
05/26/2020,Eastern,Probable,0,0,1
05/26/2020,Northern,Confirmed,371,36,19
05/26/2020,Northern,Probable,19,0,0
05/26/2020,Northwest,Confirmed,134,8,4
05/26/2020,Northwest,Probable,10,0,0
05/26/2020,Southwest,Confirmed,59,3,0
05/26/2020,Southwest,Probable,3,0,0
05/27/2020,Central,Confirmed,260,17,4
05/27/2020,Central,Probable,11,0,0
05/27/2020,Eastern,Confirmed,65,2,0
05/27/2020,Eastern,Probable,6,0,0
05/27/2020,Northern,Confirmed,338,27,11
05/27/2020,Northern,Probable,13,0,0
05/27/2020,Northwest,Confirmed,120,7,4
05/27/2020,Northwest,Probable,8,0,0
05/27/2020,Southwest,Confirmed,39,4,0
05/28/2020,Central,Confirmed,140,14,5
05/28/2020,Eastern,Confirmed,79,9,2
05/28/2020,Eastern,Probable,4,0,0
05/28/2020,Northern,Confirmed,402,27,12
05/28/2020,Northern,Probable,8,0,0
05/28/2020,Northwest,Confirmed,102,9,4
05/28/2020,Northwest,Probable,8,0,0
05/28/2020,Southwest,Confirmed,51,2,2
05/29/2020,Central,Confirmed,141,18,6
05/29/2020,Central,Probable,0,1,0
05/29/2020,Eastern,Confirmed,45,6,3
05/29/2020,Eastern,Probable,2,0,0
05/29/2020,Northern,Confirmed,358,24,7
05/29/2020,Northern,Probable,8,0,0
05/29/2020,Northwest,Confirmed,148,8,2
05/29/2020,Northwest,Probable,6,1,0
05/29/2020,Southwest,Confirmed,51,1,2
05/30/2020,Central,Confirmed,142,4,7
05/30/2020,Central,Probable,0,0,1
05/30/2020,Eastern,Confirmed,62,6,2
05/30/2020,Eastern,Probable,1,0,0
05/30/2020,Northern,Confirmed,193,23,8
05/30/2020,Northern,Probable,2,0,0
05/30/2020,Northwest,Confirmed,78,6,1
05/30/2020,Northwest,Probable,9,0,0
05/30/2020,Southwest,Confirmed,35,2,3
05/30/2020,Southwest,Probable,2,0,0
05/31/2020,Central,Confirmed,141,9,1
05/31/2020,Eastern,Confirmed,37,3,0
05/31/2020,Eastern,Probable,3,0,0
05/31/2020,Northern,Confirmed,178,22,6
05/31/2020,Northern,Probable,6,1,0
05/31/2020,Northwest,Confirmed,53,11,3
05/31/2020,Northwest,Probable,2,0,0
05/31/2020,Southwest,Confirmed,34,2,2
05/31/2020,Southwest,Probable,2,0,0
06/01/2020,Central,Confirmed,182,17,3
06/01/2020,Eastern,Confirmed,60,5,0
06/01/2020,Eastern,Probable,1,0,0
06/01/2020,Northern,Confirmed,372,23,7
06/01/2020,Northern,Probable,17,0,0
06/01/2020,Northwest,Confirmed,115,6,1
06/01/2020,Northwest,Probable,10,0,0
06/01/2020,Southwest,Confirmed,52,3,0
06/01/2020,Southwest,Probable,1,0,0
06/02/2020,Central,Confirmed,180,11,3
06/02/2020,Eastern,Confirmed,69,4,1
06/02/2020,Eastern,Probable,2,0,0
06/02/2020,Northern,Confirmed,235,25,12
06/02/2020,Northern,Probable,8,0,1
06/02/2020,Northwest,Confirmed,95,6,1
06/02/2020,Northwest,Probable,15,0,0
06/02/2020,Southwest,Confirmed,34,1,3
06/02/2020,Southwest,Probable,1,0,0
06/03/2020,Central,Confirmed,158,12,4
06/03/2020,Eastern,Confirmed,58,6,2
06/03/2020,Eastern,Probable,4,0,0
06/03/2020,Northern,Confirmed,246,20,12
06/03/2020,Northern,Probable,4,0,0
06/03/2020,Northwest,Confirmed,69,6,2
06/03/2020,Northwest,Probable,11,0,0
06/03/2020,Southwest,Confirmed,43,1,0
06/04/2020,Central,Confirmed,162,15,3
06/04/2020,Eastern,Confirmed,51,9,2
06/04/2020,Eastern,Probable,3,0,0
06/04/2020,Northern,Confirmed,230,24,3
06/04/2020,Northern,Probable,3,0,0
06/04/2020,Northwest,Confirmed,97,3,0
06/04/2020,Northwest,Probable,16,1,1
06/04/2020,Southwest,Confirmed,32,4,1
06/04/2020,Southwest,Probable,1,0,0
06/05/2020,Central,Confirmed,140,9,4
06/05/2020,Eastern,Confirmed,74,4,1
06/05/2020,Eastern,Probable,6,0,0
06/05/2020,Northern,Confirmed,221,25,6
06/05/2020,Northern,Probable,5,0,0
06/05/2020,Northwest,Confirmed,90,4,1
06/05/2020,Northwest,Probable,20,0,0
06/05/2020,Southwest,Confirmed,49,3,3
06/05/2020,Southwest,Probable,1,0,0
06/06/2020,Central,Confirmed,100,4,2
06/06/2020,Eastern,Confirmed,51,7,0
06/06/2020,Eastern,Probable,2,0,0
06/06/2020,Northern,Confirmed,138,22,7
06/06/2020,Northern,Probable,5,0,0
06/06/2020,Northwest,Confirmed,71,7,1
06/06/2020,Northwest,Probable,12,0,0
06/06/2020,Southwest,Confirmed,35,4,0
06/07/2020,Central,Confirmed,55,4,3
06/07/2020,Eastern,Confirmed,42,4,2
06/07/2020,Eastern,Probable,3,0,0
06/07/2020,Northern,Confirmed,122,19,5
06/07/2020,Northern,Probable,4,1,0
06/07/2020,Northwest,Confirmed,55,3,3
06/07/2020,Northwest,Probable,11,0,0
06/07/2020,Southwest,Confirmed,24,4,2
06/08/2020,Central,Confirmed,137,9,3
06/08/2020,Central,Probable,1,0,0
06/08/2020,Eastern,Confirmed,85,4,2
06/08/2020,Eastern,Probable,3,0,0
06/08/2020,Northern,Confirmed,194,13,5
06/08/2020,Northern,Probable,6,0,0
06/08/2020,Northwest,Confirmed,98,5,0
06/08/2020,Northwest,Probable,14,0,1
06/08/2020,Southwest,Confirmed,43,6,2
06/09/2020,Central,Confirmed,171,9,3
06/09/2020,Central,Probable,2,0,0
06/09/2020,Eastern,Confirmed,90,7,2
06/09/2020,Northern,Confirmed,200,8,6
06/09/2020,Northern,Probable,5,1,0
06/09/2020,Northwest,Confirmed,71,7,2
06/09/2020,Northwest,Probable,10,0,0
06/09/2020,Southwest,Confirmed,48,4,2
06/09/2020,Southwest,Probable,2,0,1
06/10/2020,Central,Confirmed,192,7,2
06/10/2020,Eastern,Confirmed,87,7,1
06/10/2020,Eastern,Probable,4,0,0
06/10/2020,Northern,Confirmed,205,12,3
06/10/2020,Northern,Probable,4,0,0
06/10/2020,Northwest,Confirmed,62,10,3
06/10/2020,Northwest,Probable,9,1,0
06/10/2020,Southwest,Confirmed,49,2,2
06/10/2020,Southwest,Probable,1,0,0
06/11/2020,Central,Confirmed,127,8,5
06/11/2020,Eastern,Confirmed,62,5,0
06/11/2020,Eastern,Probable,3,0,0
06/11/2020,Northern,Confirmed,153,6,5
06/11/2020,Northern,Probable,1,0,0
06/11/2020,Northwest,Confirmed,58,6,1
06/11/2020,Northwest,Probable,6,1,1
06/11/2020,Southwest,Confirmed,37,2,2
06/11/2020,Southwest,Probable,2,0,0
06/12/2020,Central,Confirmed,127,15,1
06/12/2020,Eastern,Confirmed,72,9,0
06/12/2020,Eastern,Probable,1,0,0
06/12/2020,Northern,Confirmed,178,19,3
06/12/2020,Northern,Probable,5,0,0
06/12/2020,Northwest,Confirmed,75,4,1
06/12/2020,Northwest,Probable,6,0,0
06/12/2020,Southwest,Confirmed,39,2,3
06/12/2020,Southwest,Probable,1,0,0
06/13/2020,Central,Confirmed,93,5,4
06/13/2020,Central,Probable,1,0,0
06/13/2020,Eastern,Confirmed,61,6,1
06/13/2020,Eastern,Probable,1,0,0
06/13/2020,Northern,Confirmed,91,9,5
06/13/2020,Northern,Probable,8,0,0
06/13/2020,Northwest,Confirmed,47,6,3
06/13/2020,Northwest,Probable,10,0,0
06/13/2020,Southwest,Confirmed,39,1,3
06/13/2020,Southwest,Probable,2,0,0
06/14/2020,Central,Confirmed,62,7,4
06/14/2020,Central,Probable,1,0,0
06/14/2020,Eastern,Confirmed,51,4,0
06/14/2020,Northern,Confirmed,119,13,4
06/14/2020,Northern,Probable,3,0,0
06/14/2020,Northwest,Confirmed,53,6,2
06/14/2020,Northwest,Probable,2,0,0
06/14/2020,Southwest,Confirmed,37,1,0
06/14/2020,Southwest,Probable,1,0,0
06/15/2020,Central,Confirmed,151,5,2
06/15/2020,Central,Probable,3,0,0
06/15/2020,Eastern,Confirmed,130,4,1
06/15/2020,Eastern,Probable,4,0,0
06/15/2020,Northern,Confirmed,205,10,6
06/15/2020,Northern,Probable,6,0,0
06/15/2020,Northwest,Confirmed,82,3,1
06/15/2020,Northwest,Probable,12,0,0
06/15/2020,Southwest,Confirmed,54,1,1
06/15/2020,Southwest,Probable,1,0,0
06/16/2020,Central,Confirmed,132,5,2
06/16/2020,Eastern,Confirmed,81,2,0
06/16/2020,Eastern,Probable,2,0,0
06/16/2020,Northern,Confirmed,168,8,2
06/16/2020,Northern,Probable,1,0,0
06/16/2020,Northwest,Confirmed,57,2,2
06/16/2020,Northwest,Probable,4,0,0
06/16/2020,Southwest,Confirmed,70,6,3
06/16/2020,Southwest,Probable,1,1,0
06/17/2020,Central,Confirmed,133,11,3
06/17/2020,Eastern,Confirmed,108,7,3
06/17/2020,Eastern,Probable,1,0,0
06/17/2020,Northern,Confirmed,184,7,5
06/17/2020,Northern,Probable,2,0,0
06/17/2020,Northwest,Confirmed,64,5,0
06/17/2020,Northwest,Probable,6,0,0
06/17/2020,Southwest,Confirmed,83,2,0
06/17/2020,Southwest,Probable,3,0,0
06/18/2020,Central,Confirmed,145,5,3
06/18/2020,Eastern,Confirmed,116,6,1
06/18/2020,Eastern,Probable,5,0,0
06/18/2020,Northern,Confirmed,150,11,4
06/18/2020,Northern,Probable,5,0,0
06/18/2020,Northwest,Confirmed,107,9,0
06/18/2020,Northwest,Probable,6,0,0
06/18/2020,Southwest,Confirmed,99,7,4
06/18/2020,Southwest,Probable,2,0,0
06/19/2020,Central,Confirmed,101,3,3
06/19/2020,Eastern,Confirmed,84,10,1
06/19/2020,Eastern,Probable,2,0,0
06/19/2020,Northern,Confirmed,164,12,5
06/19/2020,Northern,Probable,3,0,0
06/19/2020,Northwest,Confirmed,76,8,2
06/19/2020,Northwest,Probable,7,0,0
06/19/2020,Southwest,Confirmed,68,3,2
06/19/2020,Southwest,Probable,2,0,0
06/20/2020,Central,Confirmed,71,5,2
06/20/2020,Eastern,Confirmed,81,4,2
06/20/2020,Eastern,Probable,4,0,0
06/20/2020,Northern,Confirmed,175,8,4
06/20/2020,Northern,Probable,4,0,0
06/20/2020,Northwest,Confirmed,62,4,2
06/20/2020,Northwest,Probable,5,1,0
06/20/2020,Southwest,Confirmed,72,1,3
06/20/2020,Southwest,Probable,1,0,0
06/21/2020,Central,Confirmed,78,10,1
06/21/2020,Central,Probable,1,0,0
06/21/2020,Eastern,Confirmed,81,7,0
06/21/2020,Eastern,Probable,5,0,0
06/21/2020,Northern,Confirmed,171,6,4
06/21/2020,Northern,Probable,5,0,0
06/21/2020,Northwest,Confirmed,61,6,4
06/21/2020,Northwest,Probable,4,0,0
06/21/2020,Southwest,Confirmed,66,3,2
06/22/2020,Central,Confirmed,114,6,1
06/22/2020,Eastern,Confirmed,149,9,2
06/22/2020,Eastern,Probable,5,0,0
06/22/2020,Northern,Confirmed,270,11,0
06/22/2020,Northern,Probable,7,0,1
06/22/2020,Northwest,Confirmed,87,10,2
06/22/2020,Northwest,Probable,13,0,0
06/22/2020,Southwest,Confirmed,103,4,0
06/22/2020,Southwest,Probable,2,0,0
06/23/2020,Central,Confirmed,129,9,0
06/23/2020,Central,Probable,1,0,0
06/23/2020,Eastern,Confirmed,146,8,2
06/23/2020,Eastern,Probable,6,0,0
06/23/2020,Northern,Confirmed,206,10,2
06/23/2020,Northern,Probable,14,0,0
06/23/2020,Northwest,Confirmed,75,3,1
06/23/2020,Northwest,Probable,8,0,0
06/23/2020,Southwest,Confirmed,90,4,1
06/23/2020,Southwest,Probable,3,0,0
06/24/2020,Central,Confirmed,114,9,1
06/24/2020,Eastern,Confirmed,148,10,1
06/24/2020,Eastern,Probable,4,0,0
06/24/2020,Northern,Confirmed,198,2,4
06/24/2020,Northern,Probable,11,0,0
06/24/2020,Northwest,Confirmed,66,4,1
06/24/2020,Northwest,Probable,10,0,0
06/24/2020,Southwest,Confirmed,135,3,0
06/24/2020,Southwest,Probable,1,0,1
06/25/2020,Central,Confirmed,118,5,1
06/25/2020,Central,Probable,2,0,0
06/25/2020,Eastern,Confirmed,136,5,0
06/25/2020,Eastern,Probable,5,0,0
06/25/2020,Northern,Confirmed,193,6,2
06/25/2020,Northern,Probable,7,1,0
06/25/2020,Northwest,Confirmed,63,3,6
06/25/2020,Northwest,Probable,8,1,0
06/25/2020,Southwest,Confirmed,101,7,1
06/25/2020,Southwest,Probable,1,0,0
06/26/2020,Central,Confirmed,130,9,1
06/26/2020,Eastern,Confirmed,172,6,1
06/26/2020,Eastern,Probable,2,0,0
06/26/2020,Northern,Confirmed,190,8,2
06/26/2020,Northern,Probable,7,0,0
06/26/2020,Northwest,Confirmed,79,4,3
06/26/2020,Northwest,Probable,6,0,0
06/26/2020,Southwest,Confirmed,101,5,2
06/26/2020,Southwest,Probable,1,0,0
06/27/2020,Central,Confirmed,75,6,2
06/27/2020,Eastern,Confirmed,159,14,0
06/27/2020,Eastern,Probable,3,0,0
06/27/2020,Northern,Confirmed,146,1,4
06/27/2020,Northern,Probable,4,0,0
06/27/2020,Northwest,Confirmed,53,1,1
06/27/2020,Northwest,Probable,9,0,0
06/27/2020,Southwest,Confirmed,78,1,1
06/27/2020,Southwest,Probable,2,0,0
06/28/2020,Central,Confirmed,78,4,7
06/28/2020,Central,Probable,2,0,0
06/28/2020,Eastern,Confirmed,174,16,2
06/28/2020,Eastern,Probable,3,0,0
06/28/2020,Northern,Confirmed,151,8,3
06/28/2020,Northern,Probable,9,0,0
06/28/2020,Northwest,Confirmed,56,6,2
06/28/2020,Northwest,Probable,7,0,0
06/28/2020,Southwest,Confirmed,64,6,0
06/29/2020,Central,Confirmed,130,8,3
06/29/2020,Central,Probable,2,0,0
06/29/2020,Eastern,Confirmed,359,15,1
06/29/2020,Eastern,Probable,4,0,0
06/29/2020,Northern,Confirmed,214,8,1
06/29/2020,Northern,Probable,14,0,0
06/29/2020,Northwest,Confirmed,68,5,1
06/29/2020,Northwest,Probable,11,0,1
06/29/2020,Southwest,Confirmed,112,5,0
06/29/2020,Southwest,Probable,1,0,0
06/30/2020,Central,Confirmed,124,11,0
06/30/2020,Central,Probable,1,0,0
06/30/2020,Eastern,Confirmed,369,12,2
06/30/2020,Eastern,Probable,6,0,0
06/30/2020,Northern,Confirmed,207,8,1
06/30/2020,Northern,Probable,12,0,0
06/30/2020,Northwest,Confirmed,99,3,1
06/30/2020,Northwest,Probable,17,0,0
06/30/2020,Southwest,Confirmed,95,5,0
06/30/2020,Southwest,Probable,4,0,0
07/01/2020,Central,Confirmed,160,8,3
07/01/2020,Central,Probable,1,0,1
07/01/2020,Eastern,Confirmed,326,11,1
07/01/2020,Eastern,Probable,3,0,0
07/01/2020,Northern,Confirmed,203,9,1
07/01/2020,Northern,Probable,19,0,0
07/01/2020,Northwest,Confirmed,78,6,1
07/01/2020,Northwest,Probable,19,0,0
07/01/2020,Southwest,Confirmed,103,1,1
07/01/2020,Southwest,Probable,1,0,0
07/02/2020,Central,Confirmed,107,7,1
07/02/2020,Eastern,Confirmed,379,14,0
07/02/2020,Eastern,Probable,9,0,0
07/02/2020,Northern,Confirmed,167,12,5
07/02/2020,Northern,Probable,9,0,0
07/02/2020,Northwest,Confirmed,112,8,2
07/02/2020,Northwest,Probable,14,0,0
07/02/2020,Southwest,Confirmed,89,4,1
07/03/2020,Central,Confirmed,98,9,1
07/03/2020,Central,Probable,1,0,0
07/03/2020,Eastern,Confirmed,292,8,2
07/03/2020,Eastern,Probable,2,0,0
07/03/2020,Northern,Confirmed,128,11,1
07/03/2020,Northern,Probable,5,0,0
07/03/2020,Northwest,Confirmed,79,8,2
07/03/2020,Northwest,Probable,11,0,0
07/03/2020,Southwest,Confirmed,87,4,1
07/03/2020,Southwest,Probable,2,0,0
07/04/2020,Central,Confirmed,74,9,1
07/04/2020,Eastern,Confirmed,203,8,4
07/04/2020,Eastern,Probable,3,0,0
07/04/2020,Northern,Confirmed,104,10,0
07/04/2020,Northern,Probable,4,0,0
07/04/2020,Northwest,Confirmed,64,7,0
07/04/2020,Northwest,Probable,28,0,0
07/04/2020,Southwest,Confirmed,60,2,0
07/05/2020,Central,Confirmed,103,8,1
07/05/2020,Eastern,Confirmed,291,13,2
07/05/2020,Eastern,Probable,8,0,0
07/05/2020,Northern,Confirmed,128,12,1
07/05/2020,Northern,Probable,6,0,0
07/05/2020,Northwest,Confirmed,73,12,1
07/05/2020,Northwest,Probable,19,2,0
07/05/2020,Southwest,Confirmed,65,4,0
07/05/2020,Southwest,Probable,4,0,0
07/06/2020,Central,Confirmed,180,9,0
07/06/2020,Central,Probable,2,0,0
07/06/2020,Eastern,Confirmed,456,12,1
07/06/2020,Eastern,Probable,4,0,0
07/06/2020,Northern,Confirmed,237,7,2
07/06/2020,Northern,Probable,13,0,0
07/06/2020,Northwest,Confirmed,94,3,0
07/06/2020,Northwest,Probable,17,0,0
07/06/2020,Southwest,Confirmed,131,9,2
07/06/2020,Southwest,Probable,3,0,0
07/07/2020,Central,Confirmed,196,12,0
07/07/2020,Central,Probable,4,0,0
07/07/2020,Eastern,Confirmed,487,9,0
07/07/2020,Eastern,Probable,8,0,0
07/07/2020,Northern,Confirmed,183,7,0
07/07/2020,Northern,Probable,7,0,0
07/07/2020,Northwest,Confirmed,104,3,1
07/07/2020,Northwest,Probable,20,0,0
07/07/2020,Southwest,Confirmed,139,7,0
07/07/2020,Southwest,Probable,2,0,0
07/08/2020,Central,Confirmed,161,5,0
07/08/2020,Central,Probable,6,0,0
07/08/2020,Eastern,Confirmed,490,19,3
07/08/2020,Eastern,Probable,4,0,0
07/08/2020,Northern,Confirmed,238,13,1
07/08/2020,Northern,Probable,15,0,0
07/08/2020,Northwest,Confirmed,93,6,1
07/08/2020,Northwest,Probable,19,0,0
07/08/2020,Southwest,Confirmed,105,4,0
07/08/2020,Southwest,Probable,1,0,0
07/09/2020,Central,Confirmed,152,6,1
07/09/2020,Central,Probable,3,0,0
07/09/2020,Eastern,Confirmed,443,12,3
07/09/2020,Eastern,Probable,3,0,0
07/09/2020,Northern,Confirmed,171,4,2
07/09/2020,Northern,Probable,7,0,0
07/09/2020,Northwest,Confirmed,112,4,2
07/09/2020,Northwest,Probable,20,0,0
07/09/2020,Southwest,Confirmed,102,6,1
07/09/2020,Southwest,Probable,2,0,0
07/10/2020,Central,Confirmed,154,10,1
07/10/2020,Central,Probable,5,0,0
07/10/2020,Eastern,Confirmed,475,19,0
07/10/2020,Eastern,Probable,5,0,0
07/10/2020,Northern,Confirmed,195,6,1
07/10/2020,Northern,Probable,12,0,0
07/10/2020,Northwest,Confirmed,120,6,4
07/10/2020,Northwest,Probable,11,0,0
07/10/2020,Southwest,Confirmed,92,5,0
07/10/2020,Southwest,Probable,2,0,0
07/11/2020,Central,Confirmed,125,6,0
07/11/2020,Central,Probable,5,0,0
07/11/2020,Eastern,Confirmed,343,7,5
07/11/2020,Eastern,Probable,3,0,0
07/11/2020,Northern,Confirmed,156,5,5
07/11/2020,Northern,Probable,6,0,0
07/11/2020,Northwest,Confirmed,61,13,1
07/11/2020,Northwest,Probable,10,0,0
07/11/2020,Southwest,Confirmed,91,6,1
07/11/2020,Southwest,Probable,4,0,0
07/12/2020,Central,Confirmed,121,6,2
07/12/2020,Central,Probable,5,0,0
07/12/2020,Eastern,Confirmed,327,12,1
07/12/2020,Eastern,Probable,8,0,0
07/12/2020,Northern,Confirmed,100,8,2
07/12/2020,Northern,Probable,8,0,0
07/12/2020,Northwest,Confirmed,89,8,1
07/12/2020,Northwest,Probable,6,0,0
07/12/2020,Southwest,Confirmed,57,10,0
07/12/2020,Southwest,Probable,3,0,0
07/13/2020,Central,Confirmed,167,9,2
07/13/2020,Central,Probable,5,0,0
07/13/2020,Eastern,Confirmed,466,14,6
07/13/2020,Eastern,Probable,7,0,0
07/13/2020,Northern,Confirmed,216,13,3
07/13/2020,Northern,Probable,15,0,0
07/13/2020,Northwest,Confirmed,93,3,7
07/13/2020,Northwest,Probable,12,0,0
07/13/2020,Southwest,Confirmed,134,12,0
07/13/2020,Southwest,Probable,2,0,0
07/14/2020,Central,Confirmed,151,4,2
07/14/2020,Central,Probable,3,0,0
07/14/2020,Eastern,Confirmed,536,16,5
07/14/2020,Eastern,Probable,4,0,0
07/14/2020,Northern,Confirmed,186,7,2
07/14/2020,Northern,Probable,22,0,0
07/14/2020,Northwest,Confirmed,96,5,1
07/14/2020,Northwest,Probable,4,0,0
07/14/2020,Southwest,Confirmed,135,8,3
07/14/2020,Southwest,Probable,15,0,0
07/15/2020,Central,Confirmed,160,13,3
07/15/2020,Central,Probable,4,0,0
07/15/2020,Eastern,Confirmed,479,14,1
07/15/2020,Eastern,Probable,4,0,0
07/15/2020,Northern,Confirmed,237,7,3
07/15/2020,Northern,Probable,15,0,0
07/15/2020,Northwest,Confirmed,96,4,1
07/15/2020,Northwest,Probable,15,0,0
07/15/2020,Southwest,Confirmed,134,2,0
07/15/2020,Southwest,Probable,23,0,0
07/16/2020,Central,Confirmed,157,6,1
07/16/2020,Central,Probable,5,0,0
07/16/2020,Eastern,Confirmed,472,25,4
07/16/2020,Eastern,Probable,7,0,0
07/16/2020,Northern,Confirmed,161,9,2
07/16/2020,Northern,Probable,11,0,0
07/16/2020,Northwest,Confirmed,73,9,3
07/16/2020,Northwest,Probable,13,0,0
07/16/2020,Southwest,Confirmed,136,14,0
07/16/2020,Southwest,Probable,5,0,0
07/17/2020,Central,Confirmed,178,3,0
07/17/2020,Central,Probable,3,0,0
07/17/2020,Eastern,Confirmed,407,22,5
07/17/2020,Eastern,Probable,7,0,0
07/17/2020,Northern,Confirmed,179,7,1
07/17/2020,Northern,Probable,16,0,0
07/17/2020,Northwest,Confirmed,81,3,3
07/17/2020,Northwest,Probable,13,0,0
07/17/2020,Southwest,Confirmed,139,8,0
07/17/2020,Southwest,Probable,7,0,0
07/18/2020,Central,Confirmed,118,3,1
07/18/2020,Central,Probable,4,0,0
07/18/2020,Eastern,Confirmed,336,15,4
07/18/2020,Eastern,Probable,2,0,0
07/18/2020,Northern,Confirmed,125,12,1
07/18/2020,Northern,Probable,2,1,0
07/18/2020,Northwest,Confirmed,72,7,1
07/18/2020,Northwest,Probable,12,0,0
07/18/2020,Southwest,Confirmed,94,5,1
07/18/2020,Southwest,Probable,4,0,0
07/19/2020,Central,Confirmed,87,6,0
07/19/2020,Central,Probable,5,0,0
07/19/2020,Eastern,Confirmed,245,11,2
07/19/2020,Eastern,Probable,5,0,0
07/19/2020,Northern,Confirmed,108,10,2
07/19/2020,Northern,Probable,5,0,0
07/19/2020,Northwest,Confirmed,65,4,2
07/19/2020,Northwest,Probable,12,0,0
07/19/2020,Southwest,Confirmed,67,4,1
07/19/2020,Southwest,Probable,9,0,0
07/20/2020,Central,Confirmed,163,10,2
07/20/2020,Central,Probable,6,0,0
07/20/2020,Eastern,Confirmed,473,19,4
07/20/2020,Eastern,Probable,6,0,0
07/20/2020,Northern,Confirmed,216,9,0
07/20/2020,Northern,Probable,9,0,0
07/20/2020,Northwest,Confirmed,95,5,2
07/20/2020,Northwest,Probable,13,0,0
07/20/2020,Southwest,Confirmed,186,10,0
07/20/2020,Southwest,Probable,14,0,0
07/21/2020,Central,Confirmed,149,12,0
07/21/2020,Central,Probable,11,0,0
07/21/2020,Eastern,Confirmed,463,14,2
07/21/2020,Eastern,Probable,1,0,0
07/21/2020,Northern,Confirmed,182,8,0
07/21/2020,Northern,Probable,7,0,0
07/21/2020,Northwest,Confirmed,107,4,1
07/21/2020,Northwest,Probable,16,0,0
07/21/2020,Southwest,Confirmed,162,9,3
07/21/2020,Southwest,Probable,2,1,0
07/22/2020,Central,Confirmed,148,5,1
07/22/2020,Central,Probable,8,0,0
07/22/2020,Eastern,Confirmed,430,14,4
07/22/2020,Eastern,Probable,6,0,0
07/22/2020,Northern,Confirmed,183,9,1
07/22/2020,Northern,Probable,11,0,0
07/22/2020,Northwest,Confirmed,97,7,2
07/22/2020,Northwest,Probable,11,0,0
07/22/2020,Southwest,Confirmed,162,8,2
07/22/2020,Southwest,Probable,8,0,0
07/23/2020,Central,Confirmed,309,8,0
07/23/2020,Central,Probable,5,0,0
07/23/2020,Eastern,Confirmed,371,15,2
07/23/2020,Eastern,Probable,1,0,0
07/23/2020,Northern,Confirmed,171,9,1
07/23/2020,Northern,Probable,5,0,0
07/23/2020,Northwest,Confirmed,99,3,0
07/23/2020,Northwest,Probable,20,0,0
07/23/2020,Southwest,Confirmed,144,7,4
07/23/2020,Southwest,Probable,7,2,0
07/24/2020,Central,Confirmed,120,4,1
07/24/2020,Central,Probable,7,0,0
07/24/2020,Eastern,Confirmed,342,12,3
07/24/2020,Eastern,Probable,1,1,0
07/24/2020,Northern,Confirmed,169,7,0
07/24/2020,Northern,Probable,10,0,0
07/24/2020,Northwest,Confirmed,87,4,0
07/24/2020,Northwest,Probable,17,0,0
07/24/2020,Southwest,Confirmed,119,10,1
07/24/2020,Southwest,Probable,8,0,0
07/25/2020,Central,Confirmed,86,2,3
07/25/2020,Central,Probable,8,0,0
07/25/2020,Eastern,Confirmed,251,16,6
07/25/2020,Eastern,Probable,4,0,0
07/25/2020,Northern,Confirmed,143,9,0
07/25/2020,Northern,Probable,14,0,0
07/25/2020,Northwest,Confirmed,61,7,0
07/25/2020,Northwest,Probable,14,0,0
07/25/2020,Southwest,Confirmed,127,15,6
07/25/2020,Southwest,Probable,2,0,0
07/26/2020,Central,Confirmed,70,2,4
07/26/2020,Central,Probable,6,0,0
07/26/2020,Eastern,Confirmed,199,17,4
07/26/2020,Eastern,Probable,2,0,0
07/26/2020,Northern,Confirmed,124,13,0
07/26/2020,Northern,Probable,7,0,0
07/26/2020,Northwest,Confirmed,64,3,1
07/26/2020,Northwest,Probable,6,0,0
07/26/2020,Southwest,Confirmed,79,8,1
07/26/2020,Southwest,Probable,7,0,0
07/27/2020,Central,Confirmed,130,11,1
07/27/2020,Central,Probable,12,0,0
07/27/2020,Eastern,Confirmed,391,19,4
07/27/2020,Eastern,Probable,5,0,0
07/27/2020,Northern,Confirmed,203,15,0
07/27/2020,Northern,Probable,23,0,0
07/27/2020,Northwest,Confirmed,88,7,1
07/27/2020,Northwest,Probable,18,0,0
07/27/2020,Southwest,Confirmed,175,7,2
07/27/2020,Southwest,Probable,6,0,0
07/28/2020,Central,Confirmed,135,6,3
07/28/2020,Central,Probable,9,0,0
07/28/2020,Eastern,Confirmed,351,11,3
07/28/2020,Eastern,Probable,4,0,0
07/28/2020,Northern,Confirmed,179,7,1
07/28/2020,Northern,Probable,10,0,0
07/28/2020,Northwest,Confirmed,98,3,0
07/28/2020,Northwest,Probable,20,0,0
07/28/2020,Southwest,Confirmed,140,9,1
07/28/2020,Southwest,Probable,8,0,0
07/29/2020,Central,Confirmed,268,4,1
07/29/2020,Central,Probable,7,0,0
07/29/2020,Eastern,Confirmed,427,11,1
07/29/2020,Eastern,Probable,5,0,0
07/29/2020,Northern,Confirmed,191,12,5
07/29/2020,Northern,Probable,15,0,0
07/29/2020,Northwest,Confirmed,80,4,1
07/29/2020,Northwest,Probable,17,0,0
07/29/2020,Southwest,Confirmed,149,11,2
07/29/2020,Southwest,Probable,7,0,0
07/30/2020,Central,Confirmed,160,12,1
07/30/2020,Central,Probable,8,0,0
07/30/2020,Eastern,Confirmed,351,14,3
07/30/2020,Eastern,Probable,5,0,0
07/30/2020,Northern,Confirmed,171,6,1
07/30/2020,Northern,Probable,4,0,0
07/30/2020,Northwest,Confirmed,77,3,2
07/30/2020,Northwest,Probable,15,0,0
07/30/2020,Southwest,Confirmed,146,12,2
07/30/2020,Southwest,Probable,7,0,0
07/31/2020,Central,Confirmed,144,4,0
07/31/2020,Central,Probable,10,0,0
07/31/2020,Eastern,Confirmed,353,14,4
07/31/2020,Eastern,Probable,4,0,0
07/31/2020,Northern,Confirmed,177,18,0
07/31/2020,Northern,Probable,15,0,0
07/31/2020,Northwest,Confirmed,83,4,0
07/31/2020,Northwest,Probable,16,0,0
07/31/2020,Southwest,Confirmed,182,15,0
07/31/2020,Southwest,Probable,6,0,0
08/01/2020,Central,Confirmed,85,11,2
08/01/2020,Central,Probable,11,0,0
08/01/2020,Eastern,Confirmed,199,11,4
08/01/2020,Eastern,Probable,9,0,0
08/01/2020,Northern,Confirmed,175,11,0
08/01/2020,Northern,Probable,17,0,0
08/01/2020,Northwest,Confirmed,71,4,1
08/01/2020,Northwest,Probable,18,0,0
08/01/2020,Southwest,Confirmed,99,9,2
08/01/2020,Southwest,Probable,3,0,0
08/02/2020,Central,Confirmed,91,11,0
08/02/2020,Central,Probable,9,0,0
08/02/2020,Eastern,Confirmed,177,8,3
08/02/2020,Eastern,Probable,4,0,0
08/02/2020,Northern,Confirmed,121,12,0
08/02/2020,Northern,Probable,12,0,0
08/02/2020,Northwest,Confirmed,52,4,0
08/02/2020,Northwest,Probable,15,1,0
08/02/2020,Southwest,Confirmed,96,12,1
08/02/2020,Southwest,Probable,5,0,0
08/03/2020,Central,Confirmed,144,7,0
08/03/2020,Central,Probable,12,0,0
08/03/2020,Eastern,Confirmed,336,11,4
08/03/2020,Eastern,Probable,18,0,0
08/03/2020,Northern,Confirmed,224,10,0
08/03/2020,Northern,Probable,9,0,0
08/03/2020,Northwest,Confirmed,99,6,1
08/03/2020,Northwest,Probable,16,0,0
08/03/2020,Southwest,Confirmed,236,9,1
08/03/2020,Southwest,Probable,8,1,0
08/04/2020,Central,Confirmed,115,6,0
08/04/2020,Central,Probable,14,0,0
08/04/2020,Eastern,Confirmed,196,6,1
08/04/2020,Eastern,Probable,12,0,0
08/04/2020,Northern,Confirmed,159,8,1
08/04/2020,Northern,Probable,11,0,0
08/04/2020,Northwest,Confirmed,106,6,2
08/04/2020,Northwest,Probable,22,0,0
08/04/2020,Southwest,Confirmed,160,5,2
08/04/2020,Southwest,Probable,7,0,0
08/05/2020,Central,Confirmed,208,9,1
08/05/2020,Central,Probable,11,0,0
08/05/2020,Eastern,Confirmed,292,5,3
08/05/2020,Eastern,Probable,12,0,0
08/05/2020,Northern,Confirmed,193,11,0
08/05/2020,Northern,Probable,23,0,0
08/05/2020,Northwest,Confirmed,87,6,1
08/05/2020,Northwest,Probable,20,0,0
08/05/2020,Southwest,Confirmed,141,3,0
08/05/2020,Southwest,Probable,11,1,0
08/06/2020,Central,Confirmed,173,2,0
08/06/2020,Central,Probable,12,0,0
08/06/2020,Eastern,Confirmed,255,14,3
08/06/2020,Eastern,Probable,4,1,0
08/06/2020,Northern,Confirmed,199,6,0
08/06/2020,Northern,Probable,23,0,0
08/06/2020,Northwest,Confirmed,63,3,3
08/06/2020,Northwest,Probable,16,0,0
08/06/2020,Southwest,Confirmed,115,4,0
08/06/2020,Southwest,Probable,10,2,0
08/07/2020,Central,Confirmed,154,8,1
08/07/2020,Central,Probable,14,0,0
08/07/2020,Eastern,Confirmed,302,18,3
08/07/2020,Eastern,Probable,6,0,0
08/07/2020,Northern,Confirmed,199,15,0
08/07/2020,Northern,Probable,11,0,0
08/07/2020,Northwest,Confirmed,75,9,2
08/07/2020,Northwest,Probable,19,0,0
08/07/2020,Southwest,Confirmed,135,4,1
08/07/2020,Southwest,Probable,14,1,0
08/08/2020,Central,Confirmed,78,7,2
08/08/2020,Central,Probable,3,0,0
08/08/2020,Eastern,Confirmed,160,3,3
08/08/2020,Eastern,Probable,5,0,0
08/08/2020,Northern,Confirmed,149,6,0
08/08/2020,Northern,Probable,17,0,0
08/08/2020,Northwest,Confirmed,89,7,1
08/08/2020,Northwest,Probable,13,0,0
08/08/2020,Southwest,Confirmed,106,7,2
08/08/2020,Southwest,Probable,3,0,0
08/09/2020,Central,Confirmed,71,8,1
08/09/2020,Central,Probable,10,0,0
08/09/2020,Eastern,Confirmed,124,11,3
08/09/2020,Eastern,Probable,2,0,0
08/09/2020,Northern,Confirmed,127,6,0
08/09/2020,Northern,Probable,7,0,0
08/09/2020,Northwest,Confirmed,43,6,0
08/09/2020,Northwest,Probable,16,0,0
08/09/2020,Southwest,Confirmed,84,13,3
08/09/2020,Southwest,Probable,9,0,0
08/10/2020,Central,Confirmed,206,8,2
08/10/2020,Central,Probable,15,0,0
08/10/2020,Eastern,Confirmed,271,6,1
08/10/2020,Eastern,Probable,5,0,0
08/10/2020,Northern,Confirmed,229,10,1
08/10/2020,Northern,Probable,17,0,0
08/10/2020,Northwest,Confirmed,97,6,0
08/10/2020,Northwest,Probable,23,1,0
08/10/2020,Southwest,Confirmed,166,7,5
08/10/2020,Southwest,Probable,13,0,0
08/11/2020,Central,Confirmed,123,9,0
08/11/2020,Central,Probable,13,0,0
08/11/2020,Eastern,Confirmed,230,10,3
08/11/2020,Eastern,Probable,12,0,0
08/11/2020,Northern,Confirmed,209,4,1
08/11/2020,Northern,Probable,9,0,0
08/11/2020,Northwest,Confirmed,66,5,0
08/11/2020,Northwest,Probable,11,0,0
08/11/2020,Southwest,Confirmed,126,6,2
08/11/2020,Southwest,Probable,12,0,0
08/12/2020,Central,Confirmed,154,7,0
08/12/2020,Central,Probable,13,0,0
08/12/2020,Eastern,Confirmed,242,8,4
08/12/2020,Eastern,Probable,3,0,0
08/12/2020,Northern,Confirmed,199,8,0
08/12/2020,Northern,Probable,13,0,0
08/12/2020,Northwest,Confirmed,74,5,0
08/12/2020,Northwest,Probable,9,0,0
08/12/2020,Southwest,Confirmed,133,7,2
08/12/2020,Southwest,Probable,8,1,0
08/13/2020,Central,Confirmed,109,10,0
08/13/2020,Central,Probable,7,0,0
08/13/2020,Eastern,Confirmed,210,9,3
08/13/2020,Eastern,Probable,4,0,0
08/13/2020,Northern,Confirmed,159,4,0
08/13/2020,Northern,Probable,18,0,0
08/13/2020,Northwest,Confirmed,74,4,2
08/13/2020,Northwest,Probable,11,0,0
08/13/2020,Southwest,Confirmed,130,5,3
08/13/2020,Southwest,Probable,5,0,0
08/14/2020,Central,Confirmed,126,7,0
08/14/2020,Central,Probable,7,0,0
08/14/2020,Eastern,Confirmed,238,5,1
08/14/2020,Eastern,Probable,5,0,0
08/14/2020,Northern,Confirmed,176,5,1
08/14/2020,Northern,Probable,13,0,0
08/14/2020,Northwest,Confirmed,102,6,1
08/14/2020,Northwest,Probable,12,0,0
08/14/2020,Southwest,Confirmed,136,9,2
08/14/2020,Southwest,Probable,9,0,0
08/15/2020,Central,Confirmed,56,2,0
08/15/2020,Central,Probable,5,0,0
08/15/2020,Eastern,Confirmed,133,17,1
08/15/2020,Eastern,Probable,9,0,0
08/15/2020,Northern,Confirmed,108,6,1
08/15/2020,Northern,Probable,5,0,0
08/15/2020,Northwest,Confirmed,54,5,0
08/15/2020,Northwest,Probable,9,0,0
08/15/2020,Southwest,Confirmed,97,7,2
08/15/2020,Southwest,Probable,5,2,0
08/16/2020,Central,Confirmed,57,6,1
08/16/2020,Central,Probable,10,0,0
08/16/2020,Eastern,Confirmed,102,4,4
08/16/2020,Eastern,Probable,1,0,0
08/16/2020,Northern,Confirmed,90,9,1
08/16/2020,Northern,Probable,3,0,0
08/16/2020,Northwest,Confirmed,44,5,0
08/16/2020,Northwest,Probable,13,0,0
08/16/2020,Southwest,Confirmed,68,6,1
08/16/2020,Southwest,Probable,4,0,0
08/17/2020,Central,Confirmed,107,6,0
08/17/2020,Central,Probable,12,0,0
08/17/2020,Eastern,Confirmed,253,14,5
08/17/2020,Eastern,Probable,6,0,0
08/17/2020,Northern,Confirmed,160,9,0
08/17/2020,Northern,Probable,18,1,0
08/17/2020,Northwest,Confirmed,81,3,0
08/17/2020,Northwest,Probable,15,0,0
08/17/2020,Southwest,Confirmed,126,8,3
08/17/2020,Southwest,Probable,6,0,0
08/18/2020,Central,Confirmed,111,2,0
08/18/2020,Central,Probable,10,0,0
08/18/2020,Eastern,Confirmed,178,7,2
08/18/2020,Eastern,Probable,2,0,0
08/18/2020,Northern,Confirmed,126,7,0
08/18/2020,Northern,Probable,6,0,0
08/18/2020,Northwest,Confirmed,45,3,0
08/18/2020,Northwest,Probable,9,0,0
08/18/2020,Southwest,Confirmed,120,1,1
08/18/2020,Southwest,Probable,11,0,0
08/19/2020,Central,Confirmed,104,3,0
08/19/2020,Central,Probable,7,0,0
08/19/2020,Eastern,Confirmed,111,5,0
08/19/2020,Eastern,Probable,1,0,0
08/19/2020,Northern,Confirmed,86,7,0
08/19/2020,Northern,Probable,10,0,0
08/19/2020,Northwest,Confirmed,43,0,0
08/19/2020,Northwest,Probable,11,0,0
08/19/2020,Southwest,Confirmed,137,4,1
08/19/2020,Southwest,Probable,20,0,0
08/20/2020,Central,Confirmed,66,5,1
08/20/2020,Central,Probable,4,0,0
08/20/2020,Eastern,Confirmed,92,3,2
08/20/2020,Eastern,Probable,1,0,0
08/20/2020,Northern,Confirmed,62,2,0
08/20/2020,Northern,Probable,10,0,0
08/20/2020,Northwest,Confirmed,31,1,1
08/20/2020,Northwest,Probable,3,0,0
08/20/2020,Southwest,Confirmed,52,3,0
08/20/2020,Southwest,Probable,2,0,0
08/21/2020,Central,Confirmed,32,1,0
08/21/2020,Eastern,Confirmed,20,1,1
08/21/2020,Northern,Confirmed,18,0,0
08/21/2020,Northern,Probable,12,0,0
08/21/2020,Northwest,Confirmed,20,0,1
08/21/2020,Northwest,Probable,4,0,0
08/21/2020,Southwest,Confirmed,7,0,0
08/22/2020,Central,Confirmed,6,0,0
08/22/2020,Eastern,Confirmed,1,0,0
08/22/2020,Northern,Confirmed,1,0,0
08/22/2020,Northwest,Confirmed,2,1,0
08/22/2020,Southwest,Confirmed,2,0,0